,Batting Avg All,Batting Avg Rec,Batting Ball By Wicket All,Batting Ball By Wicket Rec,Batting Strike Rate All,Batting Strike Rate Rec,Bowling Avg All,Bowling Avg Rec,Bowling Eco All,Bowling Eco Rec,Bowling Strike Rate All,Bowling Strike Rate Rec,Current Winner,Win Percentage All,Win Percentage Rec
0,8.756989247311825,18.852272727272727,2.281290322580646,6.051136363636365,0.32932353976073186,0.5328172581992613,-0.5691244239631352,-6.5773809523809526,-0.27956313623848317,-1.5557868952847516,0.05299539170506584,-1.8535714285714286,1.0,0.35,0.6666666666666666
1,-2.828544061302683,5.176136363636363,-0.524712643678158,5.226136363636364,-0.13333018126636573,-0.13416477702191956,3.775919732441473,-7.299999999999997,0.10608101278272208,-0.7650721382159169,2.3478260869565215,-3.033333333333333,1.0,0.025000000000000022,0.3333333333333333
2,-10.414092664092664,-15.311111111111112,-1.3326254826254829,-3.3733333333333317,-0.6943191522630777,-0.9030315432513816,19.076190476190472,26.51304347826087,3.0248673264486508,4.179871852285646,6.782857142857144,9.43826086956522,0.0,-0.75,-0.6666666666666666
3,7.010148321623731,9.632941176470588,2.7252927400468376,4.888941176470591,0.1897366919377189,0.16490721850418297,-3.8210526315789473,-9.169411764705885,-0.7336232605387583,-1.1143046580314007,-1.4579904306220106,-4.864941176470588,1.0,0.1964285714285714,0.0
4,-3.573476702508959,-2.2785714285714285,0.49849462365591446,2.5242857142857176,-0.2648869691527607,-0.31251429519929647,-0.6291793313069931,-1.8219696969696972,0.44559862017290275,0.22130308715674563,-1.5384802431610956,-2.2749999999999986,0.0,-0.30000000000000004,0.0
5,1.0626780626780636,9.45151515151515,0.9094017094017106,6.830909090909089,-0.00556673694971573,0.0326659026760893,2.8803418803418808,-4.5238095238095255,0.3001517671634133,-0.8389223902566414,1.4115384615384565,-1.5353383458646617,1.0,0.0,0.3333333333333333
6,10.252491694352159,12.986622073578594,3.5449833887043223,7.230100334448161,0.30745489078822397,0.2163989489601151,-9.879772079772081,-16.846153846153847,-0.7557022094467012,-1.7334561493865799,-5.833162393162398,-9.140384615384615,1.0,0.22499999999999998,0.3333333333333333
7,1.376408010012515,17.055555555555557,1.35506883604506,10.761904761904761,-0.021624127119118874,0.1473718983996477,3.7685492801771865,-4.069444444444446,-0.2463983318589662,0.07773480399178823,3.2321151716500554,-3.2750000000000004,1.0,0.23809523809523808,0.6666666666666667
8,2.683108108108108,-7.848970251716246,2.607972972972971,-2.913501144164756,-0.056344926008552974,-0.21375216753368034,-5.7086976530142675,-4.451274362818593,-0.5717705457322442,-0.35993371707657307,-3.6850437183617126,-3.095352323838082,1.0,0.25,0.16666666666666674
9,0.9449013157894726,-1.997150997150996,0.36266447368420884,0.5256410256410238,0.031572119828298995,-0.20042425572379483,2.897569444444443,-1.2238095238095248,0.8346020106972087,-0.2413124303286871,0.609375,-0.4042857142857139,0.0,-0.31111111111111117,-0.6666666666666666
10,2.8102439024390264,11.378787878787879,0.3512195121951249,6.496969696969696,0.1215126811594202,0.10190034918076811,3.676811594202899,0.6488294314381271,0.781590454929308,-0.5681501034955918,1.4826086956521722,1.6424749163879602,0.0,-0.373015873015873,-0.16666666666666674
11,-5.377777777777776,-13.159003831417627,-1.560000000000004,-8.044827586206896,-0.22261964740613024,-0.2782645873548037,9.878676470588236,23.35833333333333,1.0866954561877398,0.21449863684100734,5.248161764705884,17.345,0.0,-0.380952380952381,-0.6666666666666666
12,3.7107843137254903,10.223214285714285,2.75686274509804,8.82857142857143,0.013995979243942061,-0.08475607584266347,4.901960784313726,-6.454545454545453,0.4815637925408547,-1.3599280003740226,2.700000000000001,-2.4041958041958056,1.0,0.07499999999999996,0.33333333333333337
13,-2.515356820234871,-0.8972332015810274,-1.6243902439024431,0.7517786561264792,-0.021803972953397793,-0.1235635497136706,3.9880382775119614,2.3939393939393945,0.6064120567731575,0.18485152974602315,1.7693779904306206,1.3113636363636374,0.0,-0.3522727272727273,-0.5
14,10.363636363636363,25.928888888888885,5.140363636363633,14.778666666666663,0.1807701007030683,0.35457756130059437,-1.672871680317698,-4.624040920716112,0.26213047708096315,-1.396845660788852,-1.9440059568131058,-0.8317135549872097,1.0,-0.025000000000000022,0.3333333333333333
15,-9.270406189555127,-17.123732251521297,-4.798839458413922,-8.982961460446248,-0.2022413577672307,-0.4221781798420869,11.810526315789472,14.52136752136752,1.1167119998573618,0.1842363171153636,6.978496240601506,10.86324786324786,0.0,-0.6517857142857143,-1.0
16,-3.2333333333333343,-9.566985645933016,-1.2462500000000016,-2.6684210526315786,-0.09374141204531468,-0.3562385503086312,7.6011904761904745,2.0256410256410255,0.5727573904179417,-0.8319185059422756,4.671428571428571,3.2362637362637354,0.0,-0.14444444444444438,0.0
17,-7.321323529411764,-12.24871794871795,-4.487647058823527,-8.927692307692306,-0.08846833157073448,-0.051446441118552975,5.039529914529917,10.271493212669682,0.7315889206007586,0.5709724877746618,2.653205128205128,6.700452488687783,0.0,-0.4444444444444444,-0.6666666666666667
18,3.737316263632053,-7.333333333333336,0.9248933143669955,-3.759999999999999,0.12474721431293852,-0.09011769350115213,0.8452380952380985,2.2130434782608717,-0.08890940528752722,-0.1673830904505733,0.8377551020408172,2.064782608695653,0.0,-0.20454545454545459,-0.6666666666666667
19,2.108508977361435,9.547619047619047,1.359484777517567,5.9071428571428575,0.01594263197955111,0.10188028013565287,1.2182969164794777,-2.527777777777777,0.623878499863519,-0.2389078498293511,-0.19738615478864485,-1.6277777777777782,1.0,-0.06428571428571428,0.33333333333333337
20,-1.9261648745519686,2.313186813186814,0.41913978494623727,1.7109890109890156,-0.12260157550705723,-0.0022211645248294922,-1.4385775862068968,-2.050343249427918,0.07434968806175224,0.5295735078753108,-1.2724137931034472,-2.686956521739135,1.0,0.3125,0.6666666666666667
21,1.8684165379996571,0.7738095238095255,1.8893463715903254,1.8785714285714272,-0.02623771604340878,-0.08175587784184672,3.7888286116134218,-6.794642857142858,0.3095623994845136,-0.37866959541690104,2.247739602169979,-4.555357142857145,1.0,0.14166666666666666,0.6666666666666666
22,11.731049120679199,12.180161943319838,5.4771376591873855,5.339271255060727,0.2515668251793028,0.3444464061519148,-1.6845360824742244,-1.4444444444444429,-0.14231474174252146,0.20524882396632815,-1.024620982413583,-1.5491228070175431,1.0,0.11538461538461536,0.3333333333333333
23,-1.8209523809523809,-9.48,0.8702857142857159,-2.232000000000002,-0.18409487201982758,-0.5182801154199828,-1.3899159663865568,-8.666666666666668,-0.35097636342896354,-1.7420997800671376,-0.24932773109243556,-2.7800000000000002,0.0,0.12878787878787873,0.0
24,-0.7873519778281697,-1.4523809523809526,0.8863189720332567,0.04805194805194546,-0.11625950614214069,-0.10749209088294487,-1.7060162601626025,-3.2394736842105267,-0.35004808352795624,-0.8911850177591214,-0.5018536585365867,-0.9300000000000015,1.0,0.22619047619047622,0.3333333333333333
25,6.340974967061925,12.404858299595144,2.094861660079049,6.0315789473684225,0.17603422820814144,0.2450242065626679,-1.3552839683680808,-7.852941176470587,-0.27083474336276936,-1.0592356123082398,-0.5337455068296197,-4.3632352941176435,1.0,-0.1507936507936508,0.0
26,-3.50166147455867,-9.74689440993789,-1.2351401869158876,-3.134161490683227,-0.1283212560386476,-0.4167061751807514,-0.6210302575643922,1.4621212121212146,-0.6509551347464111,-0.22900941198397007,0.8127531882970738,1.436363636363633,0.0,0.059523809523809534,-0.3333333333333333
27,-3.7167701863354026,-10.854572713643178,-1.1435137533274142,-3.57751124437781,-0.14987344724496574,-0.44403712388811395,-0.04128923530650752,3.1739130434782616,-0.4082244734737399,1.1526584629672634,0.7591320834211075,0.15652173913043121,0.0,-0.017948717948717996,-0.6666666666666666
28,10.35034965034965,14.369354838709677,5.316503496503493,7.456451612903226,0.23665852359224004,0.41014492753623194,-12.824956239059764,-11.676470588235293,-1.315999110129721,-1.0597695291486167,-7.1165791447862,-6.71029411764706,1.0,0.6136363636363636,0.6666666666666666
29,5.064923427826653,13.682539682539682,2.13084066471163,6.33095238095238,0.15294214599106284,0.35237534354142125,-1.6950314106225015,-13.674603174603176,0.2810673509734096,-2.065839147111231,-1.8200456881781815,-6.330952380952382,1.0,0.08482142857142855,1.0
30,-9.884615384615383,-16.017045454545453,-5.18653846153846,-8.328409090909089,-0.15165091777994988,-0.3113702550712995,6.086363636363636,3.333333333333334,0.5677389605426821,0.06648094212992373,3.488181818181819,2.9583333333333335,1.0,-0.09583333333333333,0.0
31,5.6868578767123275,6.201739130434781,3.471960616438352,1.1968695652173933,0.06963861235657658,0.32652684188520364,-4.146382691007439,-2.068888888888889,-0.20400267805232986,0.051541821816013744,-3.093509127789047,-1.890666666666668,1.0,0.3194444444444444,0.3333333333333333
32,4.701630434782608,8.999999999999998,2.7869565217391292,3.7859999999999987,0.06783430125707597,0.3026758391696636,-3.4751976994967677,-9.560000000000002,-0.1329206376219645,-0.6805273833671404,-2.6929690869877785,-6.759999999999999,0.0,0.20769230769230773,0.3333333333333333
33,4.19302615193026,1.8902821316614418,3.1278642590286427,2.3332288401253933,0.04273204894276391,-0.04650585554076322,-5.185542168674701,-10.854636591478696,-0.6784159931130116,-2.4018601552230194,-2.3626987951807292,-4.1609022556391,1.0,0.3931623931623932,0.6666666666666666
34,-3.2358863259844526,-2.8703703703703685,-1.58621129093921,-3.011111111111112,-0.08313586097946324,0.04980895436346833,-1.3546823610870682,6.653250773993808,-0.20076610903833192,0.2243887784151859,-0.578708672321274,4.376470588235297,1.0,-0.006535947712418333,0.0
35,11.066011589821116,9.886904761904761,4.519198790627364,5.160714285714287,0.29039735374164594,0.22167879438546256,-3.2731884057971,-3.3983333333333334,-0.2716124552051591,-0.7424242424242422,-2.0332608695652095,-1.6719999999999984,1.0,-0.008928571428571397,0.0
36,10.978069674471733,8.956521739130434,4.493729297544264,3.909974424552428,0.2810995825318237,0.2462317571865221,-3.5523333333333333,-0.6985645933014375,-0.31413078149920626,-0.5885842478829932,-2.139499999999993,0.5210526315789483,1.0,0.05490196078431375,0.3333333333333333
37,-3.4268669907202813,2.917293233082706,-2.2776403004860786,2.684210526315791,-0.031460931695673544,-0.007148867252494344,-0.856884057971012,-16.090909090909086,-0.46747202983484293,-0.3713923484227015,0.3449275362318813,-11.7,0.0,-0.20454545454545459,-0.3333333333333333
38,11.289855072463766,5.1488095238095255,5.532608695652171,1.7892857142857146,0.22961844659542718,0.18147976258315182,-3.472281167108754,-7.2261904761904745,-0.4991317237184445,-0.3435275966754583,-1.6640848806366,-4.996428571428574,1.0,0.25000000000000006,0.6666666666666667
39,-4.909625126646404,10.85897435897436,-3.02206686930091,6.287179487179489,-0.06819016772507513,0.19069788516215258,-0.01523297491039699,-24.0,0.1312159724750499,-0.2063471333420397,-0.2962365591397855,-17.56811594202899,1.0,-0.2870813397129186,0.3333333333333333
40,-4.677721701514059,9.805194805194805,-2.8508651766402267,8.801298701298705,-0.06679626897807396,-0.07072877345425492,-0.30899100899100773,-15.087412587412583,0.1560857711196979,-0.3339679214248523,-0.5824975024974997,-10.567132867132866,1.0,-0.2,0.3333333333333333
41,-0.1326634629386909,2.4166666666666643,0.5079947575360411,1.7299999999999986,-0.04842900455564066,0.01473277398733804,0.5347871235721726,-1.10671936758893,-0.28631965522720204,0.8899327426070247,0.9803293279928802,-2.684584980237152,1.0,0.04999999999999999,0.0
42,-9.492169400426281,-5.224880382775119,-3.8081734778982534,-2.8708133971291856,-0.251383522616399,-0.09104517902279818,2.930968018275273,-2.624649859943979,0.3198744975073149,0.9775705704992754,1.6185179897201571,-4.126050420168066,1.0,-0.016447368421052655,-0.3333333333333333
43,-8.131496966715858,7.383631713554987,-3.0933103787506173,5.246547314578003,-0.22904798367899573,0.0420281259932865,2.1690626797009784,-3.7058823529411775,0.25539708781218806,0.19829776121174625,1.1582518688901633,-3.3017647058823503,1.0,0.038235294117647034,0.3333333333333333
44,1.748120687879723,-4.568376068376068,0.034414581402537614,-4.920512820512822,0.09037101940494126,0.05069219367892789,4.44604700854701,14.146666666666665,0.6496180237864237,1.5557746531942565,2.375000000000006,8.167999999999996,0.0,-0.29761904761904756,-0.6666666666666666
45,3.425771812080539,13.23333333333333,0.15398657718120923,4.460000000000002,0.21367357356392747,0.3870631030678788,4.013134328358209,2.559210526315791,0.6464051172707883,1.8208792662941136,1.799999999999999,-1.6243421052631577,1.0,0.20238095238095238,0.6666666666666667
46,3.4608993157380255,-13.01025641025641,1.5221407624633496,-7.63076923076923,0.07903842093835826,-0.21783682026269613,-1.0986394557823118,19.305555555555557,-0.3109464214907254,0.7112137623446975,-0.18571428571427973,12.822222222222221,0.0,0.0,-0.6666666666666666
47,-9.123456790123456,-11.553703703703706,-5.422222222222221,-6.803333333333333,-0.15943171937893963,-0.21818432220798703,5.28342245989305,0.0588235294117645,0.6046007661230224,1.232203001863902,2.5431016042780774,-2.6980392156862756,0.0,-0.45384615384615384,-0.3333333333333333
48,-7.104201680672267,-18.493606138107417,-3.2672268907563016,-9.759590792838873,-0.23232757710232374,-0.3926282051282051,1.523140495867768,14.45054945054945,0.5211720847179002,2.5141525141525136,0.07619834710743945,5.7857142857142865,0.0,-0.41111111111111115,-1.0
49,-1.8243697478991585,0.9841269841269842,-1.9910924369747898,-1.8142857142857185,0.04354517331507424,0.1732640174420997,4.808469945355192,2.984126984126984,1.0527765764273074,0.02459848821157795,1.7316393442622973,2.4523809523809543,1.0,-0.3549019607843138,0.0
50,4.0423786739576215,-14.743386243386242,1.4395078605604938,-11.533333333333331,0.12184527479815473,-0.054477075382998695,1.565693729049137,20.837121212121215,0.32412897725070433,0.8243639921722128,0.5412803532008894,13.27272727272727,0.0,-0.10507246376811596,-0.6666666666666666
51,-1.1854256854256882,-2.1428571428571423,-1.1636363636363631,-0.3571428571428559,0.014106849806683789,-0.08626501825674593,1.2212090509962863,5.722222222222223,0.35911871511783655,1.5894876593566538,0.17142857142857348,1.616666666666669,0.0,-0.1997607655502392,-0.33333333333333337
52,-0.8536585365853675,2.1703296703296715,-0.3509103400893121,0.47802197802198165,-0.022916933113266442,0.061401780301684195,-2.425116279069769,2.492094861660078,-0.6631126555676854,0.5849432150802016,-0.43265116279069904,0.7197628458498029,1.0,0.1570512820512821,0.0
53,-5.52222945131208,-12.770186335403727,-1.06337020169161,-5.625465838509322,-0.28504891880227295,-0.33974320684250764,-2.6930718288334177,12.147727272727273,-1.0844880938187558,0.26982407264097397,0.23015792154864734,8.85681818181818,0.0,0.043478260869565244,-0.3333333333333333
54,0.5813953488372086,-6.9761904761904745,-0.9023255813953526,-4.7250000000000005,0.10208939594164557,-0.0559288756152867,1.5316236250597797,11.45022624434389,0.48544526670390287,1.227375891059041,0.16309182209469242,7.68190045248869,0.0,-0.2611111111111111,-0.6666666666666667
55,1.7021391529818501,-7.644385026737968,1.1309636992221277,-4.540106951871659,0.014718817339654114,-0.10195816462662825,-3.785232866338511,-0.788043478260871,-0.41911394170953997,-0.32816983938579103,-2.296902688375611,0.014130434782610557,0.0,0.09243697478991597,-0.6666666666666667
56,0.3831831831831849,-9.899999999999999,0.5940540540540553,-5.019999999999999,-0.020629533864828204,-0.12409696689614884,-0.36407520325203535,-4.550000000000001,-0.3464750335978284,-1.1308338727998937,0.4875000000000016,-0.9899999999999975,0.0,0.1333333333333333,0.0
57,-2.388022678951099,-2.1111111111111143,-0.6964741318213967,-0.10000000000000231,-0.08632354969838978,-0.10352820165983283,-3.1425029058504457,-10.850000000000001,-0.6638572237146985,-2.3869496691351157,-1.008818287485468,-3.5520000000000005,1.0,0.20238095238095233,0.6666666666666667
58,-4.619603331141793,-2.042606516290725,-2.926561472715319,-0.08721804511278375,-0.05647344547134706,-0.11759913542272822,5.791296817492963,3.5681818181818183,1.0469776709010201,0.9033988606511407,2.5761939813812527,1.5623376623376624,0.0,-0.3125,-0.3333333333333333
59,-6.37358276643991,-7.125874125874125,-1.7418367346938775,-3.6671328671328665,-0.2761665558847777,-0.20046451416387448,-1.9868347338935557,6.342245989304814,-0.42926116386236046,0.7710653805730203,-0.7137815126050411,3.206951871657755,0.0,-0.2666666666666666,-1.0
60,-3.5959752321981426,-8.31304347826087,-2.9610835913312705,-6.500869565217393,0.01200954975249043,-0.02965288679574381,-0.34170206310679774,3.529605263157894,0.25873983944392265,-0.3357020874645791,-0.8335558252427147,3.9355263157894784,1.0,-0.17269736842105265,0.3333333333333333
61,-1.5251280409731116,-4.319444444444446,-0.9532970550576163,-0.7000000000000028,-0.016780363132611036,-0.22959183673469377,-1.5052631578947349,0.9047619047619051,-0.1607608653484549,-0.9590357882283351,-0.7876691729323273,2.914285714285712,0.0,-0.09999999999999998,-0.3333333333333333
62,-9.644837758112095,-7.132553606237815,-3.9329793510324507,-4.138011695906435,-0.3126331094609962,-0.17246745459892235,4.012025316455697,11.274074074074074,0.29311985252579387,2.172264739229023,2.842405063291137,4.8400000000000025,0.0,-0.42982456140350883,-0.6666666666666666
63,-3.155936432174432,-4.062937062937063,-1.992363182730382,-3.436363636363639,-0.042557916572115495,-0.0008721437292864564,2.741071428571427,4.696296296296294,0.6263587528869188,0.8759459173895774,0.8319642857142888,2.307777777777778,0.0,-0.2675,-0.6666666666666667
64,2.8207670591475598,-7.0773809523809526,1.5288989878124344,-4.724999999999998,0.05144684093864852,-0.0799181461202368,2.8464052287581687,13.25,0.20527005119424668,1.0280809804575748,1.8205882352941165,9.05892857142857,0.0,-0.12299465240641705,-1.0
65,3.167252078210982,4.158730158730158,1.444783983140149,2.814285714285715,0.07511045513412003,0.03143928061983233,-4.248681176976282,-5.2309090909090905,-0.6397819531431219,-1.1571712018140579,-2.2320581454417567,-2.212363636363638,1.0,0.12282608695652175,0.33333333333333337
66,0.6761148904006049,9.339999999999998,0.8090702947845854,6.798,-0.020583061662970376,0.08412757308067571,-5.358524590163935,-13.875939849624059,-0.945314342634795,-2.0875909644599577,-2.1773114754098337,-7.071428571428571,1.0,0.23713235294117652,0.6666666666666667
67,2.9718413681261993,10.328431372549016,2.0327288810260926,8.011764705882351,0.021668639515122805,0.016206651260768368,-3.0440446650124073,2.8530020703933747,-0.4156955374594702,-0.19017862330301405,-1.7203760259591485,3.106832298136644,1.0,0.11904761904761907,0.33333333333333337
68,6.722607489597783,-1.3681318681318668,3.5850802456905093,-1.5351648351648377,0.162975804248893,0.023797262610738706,-4.943377293577981,-8.695238095238096,-0.23772409914300852,-0.8012836490528423,-3.134174311926606,-4.902857142857143,1.0,0.33333333333333337,0.6666666666666666
69,-4.177419354838712,-18.924242424242426,-2.733870967741935,-13.145454545454545,-0.03972159125018478,-0.13491660214221182,3.851024208566109,5.186868686868689,0.5080400242179337,0.6632706004433757,2.203248018708585,2.8727272727272712,0.0,-0.1638755980861244,-0.6666666666666667
70,2.339109806602064,3.1246684350132625,1.6055807969120686,1.9265251989389944,0.023353116665934575,0.08909792941206529,-1.951971666738654,6.796052631578949,-0.6073142246541385,0.12806724028043348,-0.23810305359996864,5.084210526315788,0.0,0.1576923076923077,-0.3333333333333333
71,1.6918421150347172,-3.6723602484472053,1.1887713044446944,-2.3040372670807434,0.014451320051178218,-0.07306011628427322,-1.1688904916456302,7.055555555555557,-0.523988311998643,0.5442176870748296,0.2152181752614455,4.260869565217392,0.0,0.10846560846560843,-0.6666666666666666
72,-6.452727272727273,-10.380681818181817,-4.152000000000001,-5.918181818181818,-0.07328715069137282,-0.16291767310789065,5.647757331799886,3.4615384615384635,1.1411470047173307,1.2304421768707483,2.286762507188042,0.6461538461538439,0.0,-0.3579192546583851,-0.33333333333333337
73,-0.14570107019771328,2.8285714285714256,1.1773081806638865,4.572857142857147,-0.09500523925951813,-0.1532320763995889,-1.684364850234573,-1.2330827067669148,-0.5225251425937039,-0.9686318972033261,-0.1879195236376745,1.211278195488724,0.0,0.19642857142857145,-0.3333333333333333
74,-6.4215061420687185,-3.6842105263157876,-4.099398255296421,-0.41052631578947363,-0.07506368541486497,-0.17277925663018845,5.593346059449143,6.74909090909091,1.1295417909618122,1.5017006802721093,2.2304717752931564,2.5963636363636358,0.0,-0.38146551724137934,-0.6666666666666667
75,0.6618279569892493,8.571428571428573,1.345062034739457,3.960000000000001,-0.06165360674705456,0.1430832448586369,-2.464253356395684,-3.3649122807017555,-0.7046084549732257,-2.49193751574704,-0.39498393872003845,2.3684210526315796,1.0,0.2309090909090909,0.0
76,2.1623043052837545,-2.6086956521739104,1.530821917808213,0.0,0.012602133811338087,-0.17006802721088432,3.231681415929202,4.777777777777779,0.3835099174505592,-0.04793088712564675,1.6890265486725635,3.596969696969696,0.0,-0.06313131313131315,-0.3333333333333333
77,2.897171512283073,-3.1558441558441537,1.8840770791075023,-0.9285714285714253,0.02648893582350394,-0.11023519624602389,2.650974025974026,-1.3888888888888893,0.338835744283716,-0.5219475402388554,1.3012987012986974,0.1999999999999993,1.0,-0.012585812356979309,0.0
78,5.076151761517616,9.666666666666668,2.7873170731707386,6.311428571428571,0.13064373520435746,0.2138026362519129,-8.033750000000001,-16.35,-0.49132361419982207,-0.6964127318109616,-4.905749999999992,-11.615000000000002,1.0,0.29615384615384616,0.3333333333333333
79,-0.08142542389117935,-2.4847020933977433,-1.3963406456557186,-2.5169082125603897,0.09487820727026437,0.04323913274148502,5.1400554187192125,11.672941176470587,0.8515027220467024,1.7166440288371136,2.493066502463055,5.687999999999997,1.0,-0.28,-0.3333333333333333
80,1.7129032258064516,2.232592592592594,1.551397849462365,3.328,0.015382927485884768,-0.10247219924639284,-3.9301025163094145,-10.291666666666668,-0.981270054473546,-2.6856202188438063,-1.0884436160298252,-2.4625000000000012,1.0,0.20833333333333334,0.3333333333333333
81,-0.8956582633053234,0.0892857142857153,-0.4310924369747884,-0.5142857142857178,-0.030140417763967402,0.042516896703524466,-4.030812324929972,-6.3247126436781596,-0.5166627514573383,-1.1081274615109198,-2.3260504201680643,-3.6931034482758625,1.0,-0.2222222222222222,0.0
82,-2.10062893081761,8.468599033816428,-2.141043861798585,3.827536231884057,0.03576274294853077,0.2193877551020408,6.490161812297732,7.125730994152047,1.4413539381443803,2.6606707118827355,2.2279611650485425,-0.4789473684210508,1.0,-0.31521739130434784,0.3333333333333333
83,-2.0234848484848484,6.638888888888889,-2.0263636363636426,4.716666666666666,0.03152700101085563,0.07247379770322437,6.307813255926465,4.540476190476191,1.3950646352371665,1.8084655239172251,2.1563134978229304,-0.3757142857142881,0.0,-0.3425925925925926,0.0
84,3.136925004474673,2.25,0.9808483980669447,-1.057142857142856,0.10730608442629874,0.2717748065229409,-1.9490231990232019,-0.0395256916996054,-0.45983623132042784,-0.2535104805651658,-0.5133699633699562,0.5086956521739161,1.0,0.04777777777777781,0.3333333333333333
85,3.9043979173590344,3.19047619047619,1.1907278165503499,-1.8000000000000016,0.13480476775172937,0.36838228702539394,-2.8359663865546203,-5.679999999999998,-0.6405293674306405,-1.758141126272994,-0.7903865546218407,-1.097999999999999,1.0,0.09109311740890685,0.6666666666666667
86,-6.162494445267367,-8.537500000000001,-2.4343949044585935,-0.8649999999999993,-0.17931387381704544,-0.405642780826135,0.8339427662957064,2.59230769230769,0.27555337849410844,0.08095238095238155,0.06779014308425957,2.180769230769231,0.0,-0.12007168458781364,-0.6666666666666667
87,6.052412356820549,0.9499999999999993,2.1708087469628614,1.4059999999999997,0.23938216685781985,-0.02702922407836435,3.890173936799929,-3.274703557312252,0.9746638937599004,-0.5220311141173068,1.084054275566884,-1.92569169960474,1.0,0.08874458874458874,0.0
88,-2.8494232450573946,-10.368421052631579,-1.4538455030036381,-3.663157894736843,-0.0647739489888024,-0.33190713946429184,0.2303350970017668,-8.383116883116882,0.16350524762637253,-2.826411389297987,-0.1734391534391504,-0.872727272727273,1.0,-0.08854166666666663,0.3333333333333333
89,-6.945378151260506,-10.305882352941179,-2.730252100840337,-1.7964705882352936,-0.2083802024746905,-0.4451942577291283,-5.630580357142858,-4.1746031746031775,-0.9807053899281177,-1.7813914154944595,-2.408035714285714,0.7047619047619076,0.0,-0.07499999999999996,-0.3333333333333333
90,-10.092291277674049,-12.129629629629632,-6.125441451053625,-6.666666666666667,-0.17519981835376278,-0.29900485975072666,13.582702923737479,15.692810457516337,1.4824915252475188,0.9319742287434165,7.252422817419741,9.203921568627447,0.0,-0.625,-0.6666666666666666
91,2.5935483870967744,2.789743589743587,1.2312096774193542,3.7938461538461548,0.05449118422879362,-0.14787088144252744,2.4399350649350637,-4.38095238095238,0.2094771488277818,-1.1191573403554962,1.4306134654818852,-0.8114285714285749,1.0,-0.020146520146520186,0.6666666666666667
92,0.5688622754491028,3.1999999999999993,-1.2638607178706254,-0.8929411764705888,0.12299064546956151,0.2659508640618582,3.2927331765759718,-5.928571428571429,0.5878956829052786,-1.4315454534954908,1.505005038629493,-2.124999999999999,1.0,-0.16995073891625623,0.33333333333333337
93,-2.351470588235294,-15.845614035087719,-0.6829411764705906,-8.82105263157895,-0.08864345241197495,-0.32591588392885945,-0.9084036568213811,-5.947963800904976,-0.27358884230771974,-1.2647136295540227,-0.1108122362869235,-2.5927601809954766,1.0,0.07727272727272727,0.3333333333333333
94,5.644076305220883,9.265664160401,1.1846385542168738,2.996992481203006,0.26158442932028275,0.38049812260803756,3.6767057073805525,8.839285714285715,0.2892566750945127,1.3738759982393258,2.3910764082543254,3.789285714285713,1.0,0.06000000000000005,0.0
95,5.3426995798319314,5.268181818181818,1.8772058823529472,3.441818181818185,0.2242137905281439,0.1751610097612167,2.766577540106951,-1.583333333333334,0.6847483054825476,0.7179706570702376,0.8058288770053554,-3.4035714285714285,1.0,0.0696969696969697,0.3333333333333333
96,-7.5280491648282375,-13.25814536340852,-3.462149385439653,-3.5398496240601522,-0.22075496865412791,-0.5243440849089951,-2.542089093701996,2.574561403508774,-0.7231230296427169,-0.5685139121097196,-0.5217511520737359,3.257894736842104,0.0,-0.22962962962962963,-0.3333333333333333
97,10.196321839080461,8.194805194805197,4.566786206896555,3.101298701298703,0.2975559880578745,0.34292740986236875,-9.643572841133818,-22.86510263929619,-0.7509436852735476,-1.5464546783625739,-5.64241265655899,-14.760703812316715,1.0,0.4528735632183908,1.0
98,-0.8590375142099269,9.616847826086957,-1.2119742326638896,6.546195652173917,0.03863171043614496,0.05652131923318334,5.411580272930532,-3.005050505050505,1.2264940930176147,-0.46316092266787123,1.7679268073295447,-1.3484848484848468,1.0,-0.2935897435897436,0.0
99,-4.066150224044961,-9.058823529411764,-2.479106858054224,-4.094117647058822,-0.06064838240843443,-0.22125658172873663,0.4503608438193929,-0.28157349896480355,0.11323586203424885,-0.703747765186649,0.11345762398223602,1.2186335403726716,0.0,-0.18697478991596644,0.0
100,0.45205536562995263,0.25400457665903886,-0.7943883932293865,-0.9295194508009148,0.08365130358119426,0.09742567220752552,-4.722345803842266,-11.634974533106961,-0.4707856271490627,-0.7369920941349513,-2.6673003033367024,-7.826485568760614,1.0,0.031818181818181746,0.33333333333333337
101,-2.5319690992767896,-12.414705882352942,-1.0285502958579977,-7.3129411764705905,-0.07415470447228738,-0.1957553854875281,2.0331781835541243,6.502923976608187,0.49139534513101246,1.0682712411306658,0.5097028284998188,2.9912280701754383,0.0,-0.12040133779264212,0.0
102,-4.606598194833488,3.039351851851851,-2.792436974789914,4.663888888888889,-0.06939413512348495,-0.1321604805835658,3.7099567099567103,-4.272727272727273,0.728882434164138,-1.1027410605974914,1.5052597402597412,-1.172727272727272,1.0,-0.22211981566820282,0.6666666666666666
103,0.4585635359116047,9.957219251336898,-0.42762430939226537,4.91871657754011,0.056953688174577945,0.20301656097090484,1.3590112994350285,-0.9690909090909088,0.5015831207847095,0.22646269257419593,0.0012881355932181648,-1.2032727272727235,1.0,-0.1762452107279694,0.0
104,-3.6179953379953353,2.025882352941178,-1.73516083916084,2.1684705882352926,-0.08277094541645225,-0.05016788387407326,-1.7355769230769234,-1.026143790849673,0.046498795395512715,0.204081632653061,-1.4166666666666696,-1.1529411764705868,1.0,-0.0643115942028985,0.3333333333333333
105,3.4102501821714846,6.6269841269841265,0.9735244109788637,3.804761904761902,0.1212962452698485,0.09150919688880998,-2.2617171717171694,-11.086021505376346,-0.15783275877805458,-1.1245059115329656,-1.4866515151515127,-7.4361290322580675,1.0,0.05734767025089604,0.33333333333333337
106,1.1487190620929226,-1.5833333333333321,0.7124185844550617,-1.0136363636363637,0.014249513493947763,-0.02669442652434843,-3.365956697764478,0.806220095693778,-0.6651451084793809,-0.7623263818469432,-1.364384204658804,2.4416267942583723,1.0,0.10312500000000002,0.0
107,3.752267178235087,4.330827067669173,1.4951342867108437,1.5187969924812066,0.11373294302862706,0.14188210518523267,1.1243054598888733,-7.556680161943319,0.40968893710782783,-0.5470810906725028,0.00636451301832075,-5.025910931174091,1.0,0.005952380952380987,0.6666666666666667
108,2.0915099882491184,-5.97894736842105,1.2653936545240851,-3.886736842105263,0.026154459276196935,-0.07074305409644355,3.081834699098966,6.188854489164086,0.39520077518387176,0.9693877551020416,1.4871519151618502,2.1845201238390084,0.0,-0.050595238095238027,-0.6666666666666666
109,-5.504255319148939,-14.440000000000001,-1.9161702127659561,-8.328000000000003,-0.17722519650977628,-0.24048442906574388,4.051063829787232,15.709677419354838,0.5998471817894035,1.864537577730693,1.9327659574468026,9.46565464895636,0.0,-0.16499999999999998,-0.6666666666666667
110,1.1635712317442817,7.085858585858585,0.3558666299255977,3.0242424242424244,0.0406117933475055,0.2071277518227507,0.18952726017943533,-15.630434782608695,0.4076004522462604,-1.5901169398631074,-0.7372498274672177,-8.40745341614907,1.0,-0.06896551724137928,0.6666666666666667
111,1.5429550647372423,5.224089635854341,-0.506641279512575,2.7243697478991606,0.12100621956229392,0.09370039165691087,1.2962720946188782,-6.981481481481481,0.3825908528472839,-0.9728203207888662,0.28063188159571517,-3.9252525252525228,1.0,-0.045454545454545414,0.6666666666666667
112,1.6169923577986332,-6.039682539682538,0.25677796584089574,-3.51904761904762,0.07087179166430897,-0.07198518424688534,-2.900504413619167,-0.6921052631578952,-0.5589142365807396,0.6470949035351845,-1.105069356872634,-2.09842105263158,0.0,0.11764705882352944,-0.33333333333333337
113,-3.042835595776772,-1.13037037037037,-1.8494117647058843,-1.0275555555555567,-0.04759332399083934,-0.002883506343713963,2.1782333949612322,1.078095238095237,0.3350562830232038,-0.3826305082671819,0.98201385247937,1.7211428571428602,0.0,-0.17059553349875933,0.0
114,-2.9798623930189656,-5.639610389610388,-1.7809699614029206,-3.65064935064935,-0.04988339169447927,-0.1462153488846519,2.070145730706077,2.905263157894737,0.3149081577525674,-0.264386835815408,0.9492610837438384,3.414315789473685,0.0,-0.19907407407407407,-0.6666666666666666
115,-2.2881872509960175,1.0822510822510836,-1.051804780876492,0.8480519480519453,-0.061632051316293644,0.011636300638119787,-1.2228297584867427,-10.8375,0.020506528706400573,-1.1420013895930738,-1.0229310927208246,-6.6195,1.0,-0.060360360360360354,0.3333333333333333
116,-2.787082649151614,-0.13333333333333464,-1.4679802955665,-2.2,-0.06223509479323441,0.12418279465318083,-0.477294800895919,-0.5238095238095237,0.05593030573183544,-0.36487818617096224,-0.509722304810607,0.4000000000000039,0.0,-0.08786078098471983,0.0
117,-10.946909424724602,-11.185463659147867,-4.834791921664632,-5.760902255639101,-0.34221466364323466,-0.36358075490854497,-4.927714856762158,3.095238095238095,-0.7931538456445564,-0.09009986973512873,-2.157761492338448,2.723076923076924,0.0,-0.20666666666666672,-0.3333333333333333
118,-9.901478494623655,-17.827692307692306,-4.143870967741942,-11.014153846153846,-0.30884628570683237,-0.3027539474660926,-2.9803980248391433,11.288888888888888,-0.6356182362624452,0.06216279615294429,-0.8725721981146259,9.426666666666664,0.0,-0.271978021978022,-0.6666666666666666
119,1.1410968178740681,-1.924242424242422,-0.6445362220717756,-1.6636363636363667,0.11011904695271497,0.0180586996164247,1.7999639249639259,8.066666666666666,0.41806258058823165,0.5138454084675015,0.6235930735930779,4.809333333333335,0.0,-0.0911764705882353,-0.3333333333333333
120,0.9687390235335442,-3.9490740740740744,-0.7020640922333179,-1.9472222222222237,0.10616085876610552,-0.10681823774021293,1.8262857622283768,4.678571428571431,0.41427001596813007,-0.13806151886403661,0.6576390636798424,3.642857142857146,0.0,-0.11666666666666659,-0.6666666666666666
121,0.23802870856524905,13.48484848484848,-0.4848998355003733,8.613636363636363,0.04735744932074759,0.12907461835308828,4.80083211757713,7.255656108597282,0.8706647095280022,-0.8471243042671617,2.02108391419463,8.060633484162896,1.0,-0.16442652329749108,0.33333333333333337
122,0.8215607095287432,11.977564102564104,-0.12053531787141747,7.430769230769234,0.05413672429901043,0.1990165707462217,4.098466532537579,-1.1428571428571423,0.7825937101074087,-1.0397954091816368,1.6658325866062524,1.427142857142858,1.0,-0.13091216216216217,0.6666666666666667
123,5.825422138836775,1.3830409356725148,2.0902063789868723,-0.33508771929824555,0.20420483585048732,0.09653251916244858,-2.8783891547049443,-20.181818181818183,-0.10770021784653672,-2.028486394557823,-2.049282296650711,-10.145454545454543,1.0,0.38636363636363635,1.0
124,5.025785203630811,-0.29411764705882604,2.025801269178255,-1.411764705882356,0.15624192715060659,0.08182713474684311,-3.7289361702127657,-14.33603238866397,-0.3166121456097546,-1.6386102463584322,-2.1959999999999926,-5.939271255060725,1.0,0.4248366013071896,1.0
125,-0.6123456790123463,-20.717142857142854,-0.3426471432672962,-9.085714285714285,-0.01042404819286021,-0.5416110296911469,-2.5997013439522156,2.5454545454545467,-0.4935423465423625,-1.1254759739829918,-1.0937979094076642,4.948051948051947,0.0,-0.012406015037593976,-1.0
126,-1.0706675364209595,-17.766666666666666,-0.6844748858447458,-11.019999999999998,-0.012569543463033886,-0.3563209514248206,-2.1660443217793635,9.478632478632479,-0.45743500199677456,-0.6497349613471153,-0.812525367318778,10.124786324786323,0.0,-0.038461538461538436,-1.0
127,2.1661932420401087,-2.955375253549695,-0.0034849705346200466,-6.174036511156186,0.12489176238125888,0.24149682971014488,-1.3977272727272734,8.42124542124542,0.04180079178571994,2.152293636392576,-1.2228468899521516,2.7956043956043963,0.0,0.0050675675675675436,-0.6666666666666666
128,-2.8991876242329973,1.7781109445277359,-1.695410941145969,1.9682158920539718,-0.051931994363976074,-0.017350669307579263,2.310187110187112,-13.593167701863356,0.459267980593288,-1.3696547246852209,0.9161538461538461,-8.796894409937888,1.0,-0.1381410256410257,0.6666666666666666
129,-2.537444037444036,2.8695652173913047,-1.5222954822954824,1.4869565217391312,-0.042482466293183606,0.08641975308641969,1.9781491160268452,-9.454545454545453,0.3967969056606364,-1.355111917725349,0.7761272037984464,-4.55614973262032,1.0,-0.11006097560975608,0.6666666666666666
130,-3.1271828749936006,-1.6678260869565236,-1.8015824243355363,-0.49460869565217447,-0.058152139125895154,-0.0753251492167748,2.529851873366251,1.3426086956521743,0.4848510258429979,0.3049495660333097,1.045056055765321,0.49460869565217447,0.0,-0.13153310104529614,0.3333333333333333
131,-2.065244633322436,-8.357142857142858,-0.7652500817260526,-3.638095238095241,-0.05921188838426058,-0.19560455043336367,-3.323881932021468,-0.6217948717948705,-0.3115147657615305,0.27210884353741527,-1.9202146690518775,-1.130769230769232,0.0,0.07457457457457461,-0.33333333333333337
132,0.8879868815288674,-0.46910755148741146,-0.14880962021216781,-0.5711670480549218,0.06146206671197474,0.013857795870998077,-2.5910333797657756,0.7894736842105274,-0.3403648064031186,1.6021047043577363,-1.3219006345766875,-3.084688995215312,0.0,0.0071770334928230595,-1.0
133,0.8141819571865447,2.8999999999999986,-0.22307339449541796,1.8299999999999983,0.0627603767631754,0.04447059731440047,-2.4789996741609635,4.710526315789473,-0.3403830048344929,0.9311599294268262,-1.2335190615835776,1.7899521531100486,1.0,0.03469079939668174,-0.3333333333333333
134,-2.393039664378339,-3.7200000000000006,-1.2594279176201448,0.024000000000002686,-0.05273187212622125,-0.2648892597814932,3.907274590163933,-0.19833333333333059,0.7050262210094775,-0.8587615698862869,1.6476331967213076,1.5489999999999986,1.0,-0.1465946843853821,0.0
135,-5.432119887209705,-8.274999999999999,-2.7212622374299045,-3.787499999999998,-0.11787587384563943,-0.1924108419360883,-1.6654111738857509,-3.023913043478263,-0.012489629284520909,-0.1426841923209956,-1.2624159268227082,-2.2486956521739163,0.0,-0.15825123152709364,-0.6666666666666667
136,0.672582944944562,-24.73,-0.196220392006639,-22.563000000000002,0.05197292032417078,0.04589054435680214,1.8363360870106682,20.95054945054945,0.40065396028522304,1.5398230088495586,0.5619286811407731,13.969780219780215,0.0,-0.061471861471861566,-0.6666666666666667
137,-1.1279569892473091,31.8,0.6302764976958564,22.15500000000001,-0.109456456469057,0.0838238601180672,0.668643695474799,-8.892712550607285,-0.09418232895561385,-0.9183673469387763,0.7435511203163214,-4.999190283400812,1.0,0.038235294117647034,0.6666666666666667
138,-1.1027841444130537,14.82,0.5830819252705073,10.14514285714286,-0.10557849932998013,0.0869770758715734,0.5873364041822029,-9.025341130604286,-0.10077111319990628,-0.6866712786809632,0.6908532572932646,-5.564912280701755,1.0,0.06341463414634141,0.6666666666666667
139,-1.0553232078655803,0.6826086956521742,-0.6949152542372827,2.240869565217393,-0.008674875927503933,-0.12917624387639023,-1.9027767812298215,-0.21052631578947612,0.012470774942805463,0.24947469422953183,-1.4970366649924625,-0.7578947368421076,1.0,-0.04118773946360155,-0.3333333333333333
140,-5.15540845494208,-4.781818181818185,-2.455935008274424,-2.833636363636363,-0.14150071215788826,-0.05640583907586786,8.282154882154881,26.857142857142854,0.9988713149122059,3.294897737948978,4.324040404040394,12.664285714285715,0.0,-0.4022727272727273,-0.6666666666666666
141,-5.003022759601706,-5.285714285714285,-2.2716571834993013,-3.7725714285714265,-0.1452492712893719,-0.039365491527680575,7.55251252614681,13.235555555555557,0.9076789623693706,1.712003333395522,3.997178576640553,6.5293333333333345,0.0,-0.42929292929292934,-0.6666666666666666
142,4.733015727990601,11.450310559006208,2.239026300332837,7.889440993788815,0.11584088786597165,0.10593167156161372,-0.9360468945531153,-7.59090909090909,-0.013446969480753523,-0.3369963369963367,-0.6952907857472139,-5.202272727272728,1.0,0.12387387387387389,0.3333333333333333
143,4.028211699617607,6.4761904761904745,1.7069563094947542,3.6571428571428575,0.11436607153871241,0.12982667469718256,-0.21577399191077262,-6.395927601809957,0.003736192307689734,-0.39029747122753644,-0.17677411447480917,-4.628959276018099,0.0,0.09083191850594224,0.3333333333333333
144,-4.269296740994854,0.4900000000000002,-2.83224699828474,-0.8259999999999996,-0.07429706663423079,0.09560461698900265,6.118044044518115,3.616959064327485,0.3817200186774121,0.5947923277039244,3.76054937248401,1.566666666666669,1.0,-0.234375,0.0
145,-1.1337339613448094,-0.4761904761904745,0.6417183693357211,1.1962732919254648,-0.11054304676706724,-0.11943554131054131,0.5544510573635577,-3.8142857142857167,-0.02644363365591662,-0.8998669520448885,0.5018285424844873,-0.9571428571428591,0.0,0.08395989974937335,0.0
146,-2.3945818610129592,-7.346153846153847,-0.7658001009591207,-3.556410256410257,-0.09873729640718236,-0.22478959739176574,7.101314951051382,18.958333333333332,0.5550693439851804,1.0162503031772987,4.1939871401262705,11.524999999999999,0.0,-0.3214285714285714,-0.6666666666666666
147,-1.0244260789715334,-1.0942028985507228,0.6734251606978923,-0.6858695652173923,-0.10700190521140247,-0.018765301784169797,0.4695730499009194,4.541666666666668,-0.030490102921911344,0.29441964936845544,0.4421617726535736,2.9549999999999983,1.0,0.10614192009540857,0.0
148,-2.930888260675495,-10.890109890109889,-1.5211129296235768,-7.0087912087912105,-0.07701959041231173,-0.1360179005479337,8.76258532423208,21.8,0.678926522648414,0.5587494233294308,5.103711604095555,14.153454545454547,0.0,-0.34615384615384615,-0.6666666666666666
149,0.5454904542462167,-5.017948717948716,0.22491112574061667,-6.453846153846155,0.01422718979182358,0.1329982964224873,2.6837307896131435,15.474285714285715,0.08128074964817245,1.1723014353497998,1.9097615262321126,10.535999999999998,0.0,0.011538461538461608,-0.3333333333333333
150,-0.26348851716984,6.542199488491047,-0.13425989061207488,5.307928388746802,-0.00554831737621934,-0.0161491947206233,-2.9209534101825163,-6.248447204968944,-0.3780645943072827,-0.8342637272526563,-1.6072478386167148,-3.6465838509316795,1.0,0.03623188405797095,0.33333333333333337
151,-7.497351938841302,-8.192592592592595,-4.237316938380778,-4.802222222222222,-0.17276664564769165,-0.2221496760152347,9.817415730337078,4.487922705314011,0.9852522419142371,0.8590848614565862,5.5769662921348235,2.369082125603863,0.0,-0.4511889862327909,-0.6666666666666667
152,0.16621046228710412,9.333333333333332,-0.7533074817518264,5.953846153846154,0.06450493243753612,0.12926804408916848,-4.634240119770666,-14.289377289377292,-0.277057729793281,-0.5614290487327578,-3.0212116572245167,-9.806593406593409,1.0,0.01319648093841641,0.6666666666666666
153,-0.6503194424277616,-2.142512077294686,-1.3720850878466706,-4.279710144927536,0.06346886528104194,0.1611082362836814,-3.7633856181867813,4.11513157894737,-0.25736336610756005,-0.09985990876109074,-2.388122722237381,3.698684210526314,0.0,-0.013541666666666674,0.0
154,2.995386389850058,47.25925925925926,1.6844290657439567,28.228571428571435,0.06720724499548236,0.28121833552621595,-9.870778995388505,-50.14285714285714,-0.768985428374326,-2.025997005580507,-5.672137650617335,-28.228571428571435,1.0,0.3685064935064935,1.0
155,1.7200418628990057,18.416666666666664,0.9532967032967132,10.835714285714282,0.03690723464041682,0.07759078731746054,-9.985011001100112,-20.142857142857146,-0.8373748649721824,-0.8236379805030296,-5.5075082508250714,-10.835714285714282,1.0,0.38888888888888895,1.0
156,-2.3238796276250255,17.238095238095237,-1.5363227971422386,8.77362637362637,-0.025885960974127986,0.26853820539400797,0.1369971843491875,5.179738562091501,0.10894875026804307,0.9997131382673556,-0.12713189162665284,1.386274509803922,1.0,-0.09239130434782605,0.6666666666666667
157,-2.51496688741722,7.660714285714285,-1.5980980132450346,4.54285714285714,-0.0315432259467503,0.06049541809851089,0.23059582794567035,18.941176470588236,0.1360758926180523,1.340045412580782,-0.11411472577267734,9.333689839572195,0.0,-0.11286974571873376,0.0
158,-2.5180008310981847,-0.9375,-1.5531109516074197,1.3500000000000005,-0.03475769492385883,-0.1294194572883097,0.2608752620545083,0.3125,0.14714279198950475,0.6134230068656308,-0.11422955974842708,-1.3500000000000005,0.0,-0.13244047619047628,-0.3333333333333333
159,-3.131417624521074,1.5395256916996036,-1.631494252873562,0.6083003952569168,-0.11770855139428334,0.07147498375568546,8.580964970257764,-2.3090909090909104,0.9497558645214665,-1.16225749559083,4.890218109715797,0.7363636363636381,0.0,-0.27380952380952384,0.0
160,1.364541832669321,-5.097744360902256,0.5250361610881287,-2.962406015037595,0.03991305711447849,-0.11656795824131698,3.986695878580047,4.1410256410256405,0.67668094683959,0.33723386965707736,1.8108020575347696,3.2769230769230786,0.0,-0.11041666666666661,-0.6666666666666667
161,-3.521571906354515,3.2012383900928807,-2.0371906354515055,-0.33622291021671735,-0.11184374610300522,0.20664690457188462,10.538194444444443,9.018518518518519,0.9170391411504237,0.7165856799953154,6.535416666666666,6.486111111111112,0.0,-0.33653846153846156,-0.3333333333333333
162,-2.8473597359735976,-6.602499999999999,-1.4958745874587471,-5.462999999999999,-0.10052761798376819,-0.08099408345713766,7.478532901833873,7.18,0.703707144128872,0.6202595980921108,4.715210355987052,5.462999999999999,0.0,-0.3888888888888889,-1.0
163,1.6279069767441854,6.222222222222221,0.6949612403100751,4.825,0.04321850250391831,0.06184581320450885,3.549505495054948,-1.3913043478260878,0.6313664498598204,0.3210552513688407,1.5598475984759848,-2.0929765886287637,1.0,-0.08586361373817819,0.0
164,1.6136363636363633,4.239130434782609,0.6877272727272681,2.6400000000000023,0.04304732143307799,0.08805087252292203,3.4623634175691933,-4.254347826086956,0.6008991539077488,-0.507453416149068,1.5542469314079446,-2.6400000000000023,1.0,-0.062380952380952315,0.3333333333333333
165,4.377565805361025,13.036666666666667,2.2435160589229675,8.178000000000003,0.15928462584139083,0.30034235916588853,-10.020452310717799,-13.31,-1.0557637503922335,-1.7865969917378717,-6.028436578171089,-8.178,1.0,0.43333333333333335,1.0
166,-1.191077441077443,-2.1930434782608685,-1.1252525252525274,-1.1133913043478243,7.974520792641826e-05,-0.07823369291259204,0.1686291000841038,6.928388746803069,-0.08977336711711725,0.6151290955760222,0.35424726661059847,4.474680306905372,1.0,-0.125,0.0
167,2.888606676342526,9.959523809523809,2.644702467343981,7.1385714285714315,0.015502234483648477,0.16257466951327318,-6.609523809523807,-14.744444444444444,-1.3995217195324212,-2.97148271073135,-2.4135714285714283,-5.728000000000001,1.0,0.41964285714285715,1.0
168,4.22869022869023,3.684137931034483,2.899896049896049,1.6311724137931027,0.0829274971151402,0.15869518381416844,-11.530000000000001,-10.402173913043477,-1.2238530400861611,-1.4480286738351245,-6.2459999999999996,-4.884782608695652,1.0,0.5714285714285714,0.6666666666666666
169,-4.775262054507339,-43.20238095238095,-3.9352201257861665,-24.142857142857142,-0.05392598441210398,-0.6114619221133383,18.793750000000003,15.728205128205127,2.0577813441975117,3.190836122298486,9.818437499999991,6.181538461538459,0.0,-0.5882352941176471,-1.0
170,0.7195066927357487,20.955555555555556,0.7001654384117941,12.559999999999997,-0.0005870489679791943,0.25536483909236996,-3.6924104432301164,-1.5326086956521738,-0.6804357298474972,-0.45297277610853204,-1.7213114754098306,-0.3508695652173879,1.0,0.05555555555555558,0.6666666666666667
171,-1.4899154196486677,-2.615384615384615,-1.0953806115810023,-0.7826923076923089,-0.029582862813537208,-0.13232942102802583,10.181538461538459,8.19047619047619,0.46815291056095987,1.5814932530389223,6.630461538461537,2.719999999999996,0.0,-0.25,-0.3333333333333333
172,-0.9662503716919417,-18.742424242424246,-1.9482604817127607,-13.403030303030306,0.07129468668186838,-0.0530080126604644,2.8815620998719567,4.105590062111803,0.599836859779745,1.0571875809147189,1.1876312419974315,1.1751552795031035,0.0,-0.13157894736842102,-0.33333333333333337
173,-4.807867931155602,-8.070028011204482,-1.466634735127883,-3.352941176470587,-0.17652335860738821,-0.22170894043548536,2.1680288461538453,-7.699999999999999,0.20922238006889415,-0.28465518329232165,1.2555288461538412,-5.812499999999997,0.0,-0.13438735177865607,-0.3333333333333333
174,-4.745155798978612,-3.0139860139860133,-1.5242335874472621,-2.049650349650351,-0.17015186849937777,-0.03706847257172111,2.057198715263233,0.7868421052631582,0.19053174051119104,0.035324264776319225,1.2126267281105978,0.5431578947368427,1.0,-0.10544430538172717,0.0
175,-0.9262155863648935,2.1269841269841265,-0.4986609787889513,-7.538095238095235,-0.015692408612921465,0.46623982738807185,-3.45658866995074,5.1008771929824555,-0.3152620423531083,-0.5446894781365756,-1.9763649425287309,4.894736842105261,1.0,0.12085976039464419,0.6666666666666667
176,1.0052841475573295,3.7407407407407405,0.449461615154533,0.8000000000000025,0.026262368204311343,0.23145348057772042,2.445591623036652,-4.257142857142858,0.3941814878210659,-0.24013365218466376,1.1908523560209394,-3.3165714285714314,1.0,-0.003444621091679867,0.6666666666666666
177,0.5009398937920011,-1.2251552795031042,0.15969265473001215,-2.2984472049689444,0.01778475116960454,0.06687620943386152,2.6520248724489797,1.166666666666666,0.3998999157836485,0.17649648555510034,1.3597576530612212,0.7295454545454545,0.0,-0.02682186234817807,0.0
178,4.162849013839995,4.377005347593581,2.129825915031109,4.645989304812835,0.09118584818684668,-0.07807844411939957,-1.2538822387576865,-12.333333333333332,-0.1406406284306323,-1.3498468738902538,-0.6701908767389169,-6.354285714285714,1.0,0.1438538205980066,0.6666666666666667
179,0.5461394353004145,-7.949579831932773,0.057655560016061536,-4.295798319327729,0.028833125582527597,-0.11532738095238122,-0.7177811135371179,23.681818181818183,-0.0004055142456254046,1.733756759076475,-0.5582259825327451,11.822727272727274,0.0,0.06944444444444442,-0.6666666666666666
180,-0.034654471544715904,-28.703703703703706,-0.25695121951219324,-16.96666666666667,0.016579035985978912,-0.30166887045718643,-0.05529449629867855,17.67826086956522,0.06796910504347675,1.6411109898504845,-0.19256388799484192,8.885217391304352,0.0,0.04405405405405405,-0.6666666666666666
181,3.2206377722883452,3.8850267379679124,3.5103974848416835,3.226203208556149,-0.034331940574704976,0.019583326821186908,-9.384458938214461,6.666666666666666,-1.318390458305191,1.235115438365498,-4.616242373237947,2.9150000000000027,0.0,0.37777777777777777,0.0
182,1.751192368839428,-5.257703081232492,2.269793322734496,-3.247058823529411,-0.04525068620629543,-0.08780859761745068,-4.576923076923077,16.27173913043478,-0.7073877984639232,0.9249155872646453,-1.9102564102564115,11.334782608695653,0.0,0.2368421052631579,-0.6666666666666666
183,1.586306098964327,-9.472222222222223,2.026713792536577,-4.266666666666665,-0.03969434875318312,-0.26349086793475457,-4.832100860710387,8.385,-0.7060463608105465,0.5595143085167038,-2.204121711722636,6.0254999999999965,1.0,0.2954545454545454,-0.3333333333333333
184,-3.7501784581218267,-45.77380952380952,-2.1374881027918784,-34.392857142857146,-0.059801110733678886,-0.28838773115107674,-3.55623833088622,-1.120000000000001,-0.4964582357404863,-2.031802120141342,-1.6786557180923376,3.395999999999999,0.0,0.019984917043740613,-0.3333333333333333
185,2.027187749542019,2.8545454545454536,-0.05372915590211935,0.0954545454545439,0.12128344103151312,0.1780219156305002,2.9935681950607353,7.940476190476192,0.6213239921342213,2.158300414298102,1.1644614764017769,2.8142857142857123,0.0,-0.09237421383647793,-0.3333333333333333
186,-0.5156215439062173,-9.647058823529413,-0.3932979429329819,-2.4376470588235293,-0.0011621546716005977,-0.29821163558778263,0.5459894962998355,6.228571428571428,0.059215698398204175,-0.2651264398252362,0.3035808068751491,6.180000000000004,0.0,-0.11363636363636365,-0.33333333333333337
187,2.4168809370759234,0.5481481481481492,0.09893400471394376,-2.9600000000000017,0.1333912515519473,0.23618876250455192,2.5114372678865458,1.083333333333334,0.5153463063653438,0.14139577176631057,0.9973069493253126,0.7999999999999998,1.0,-0.07123960695389264,-0.3333333333333333
188,4.811707229617678,29.9,2.925910985612478,21.587999999999997,0.06484720638789583,0.09624872857554934,2.0942249240121598,-20.183333333333337,0.06864806031062809,-0.41745378894760776,1.4598198600150516,-12.410000000000004,0.0,0.02857142857142858,0.0
189,-0.4264300275812438,-8.235576923076923,-0.3867689970819832,-4.015384615384614,0.0032971871326572533,-0.1380431204739961,0.45757785467128187,6.0,0.029158470369257117,-0.2126328955597243,0.29993771626297505,5.3076923076923075,1.0,-0.0888888888888889,0.0
190,3.894399460188936,-6.624761904761906,2.3191497975708586,-2.6068571428571454,0.07107199599158776,-0.24002071173037084,-11.281696341224809,-22.68846153846154,-1.1988592014964103,-3.1769114246990355,-5.687702993543331,-8.665384615384614,1.0,0.44999999999999996,0.3333333333333333
191,5.034477667035805,-1.095238095238095,0.26697674418604667,-1.0857142857142845,0.2738863287250384,0.005307787603058649,2.4742857142857133,-14.964285714285714,0.8025737662852244,-3.089603654217586,0.3085714285714296,-5.133928571428574,1.0,-0.03142857142857136,0.3333333333333333
192,-8.275080906148865,-17.42307692307692,-4.755255382017738,-13.661538461538461,-0.14913419154185167,-0.009867788923478985,-3.7517543859649116,5.226923076923075,-0.7568820085624113,-0.02173414645329963,-1.2494736842105354,4.331538461538465,0.0,-0.09722222222222221,-0.3333333333333333
193,6.831738679992689,13.698412698412696,3.8615333048936673,11.72380952380952,0.1328618612684056,0.034868950332387794,-11.632775119617225,-30.44285714285714,-0.9408270707672655,-2.5481693310205813,-6.4652768284347095,-16.61142857142857,1.0,0.5345268542199488,0.6666666666666666
194,-5.067412507171543,-5.443609022556391,-2.695632530120487,-1.9037593984962404,-0.12672152611777068,-0.1790021929824562,3.8693850404174768,-3.394444444444442,0.06973240500697564,-0.24518621007725194,2.830430778675936,-2.0266666666666637,0.0,-0.2715201465201465,-0.3333333333333333
195,-7.622526297022642,-9.65079365079365,-4.021010875378865,-4.578571428571431,-0.17767986289936877,-0.29293645168910903,0.3197324414715723,15.730263157894736,-0.17329330281652489,2.404547277128472,0.6602006688963096,6.959210526315791,0.0,-0.16521739130434776,-0.6666666666666666
196,-2.670758172644966,-8.299999999999999,-1.56899854862119,-4.709999999999998,-0.040564252384528064,-0.15217878746184388,-0.6035529965242432,4.657894736842104,-0.14915948333226492,0.6289131856835803,-0.15983569146509247,2.8473684210526318,0.0,-0.09859885832900872,-0.3333333333333333
197,3.2278991425071446,-2.854166666666668,0.8810739077174343,-0.14999999999999947,0.12407206228499017,-0.11986301369863028,-2.415875232774674,-2.864468864468865,-0.3178612315958178,-1.5028115092420888,-1.2230446927374228,0.3912087912087925,1.0,0.11480908152734781,0.33333333333333337
198,-0.19896763946793783,11.533333333333331,-0.5623347230494371,3.610000000000002,0.028441933044363488,0.40068091026279173,4.77355726979787,9.637426900584796,0.8546313616305392,1.0131459065469226,2.052752939863578,5.663157894736838,0.0,-0.10909090909090913,0.0
199,-2.6204081632653065,-15.500000000000004,-1.8220408163265311,-12.67142857142857,-0.016299824394275575,0.07204127879571587,-1.760240729955349,1.9346153846153857,-0.24582559640891422,-0.21922626484976782,-0.8274648473250652,2.0699999999999985,0.0,-0.0008625646923519081,0.0
200,-5.107946264495277,-4.75578947368421,-3.1769279513338926,-3.9347368421052655,-0.09119931449948486,-0.008518945780459605,9.371881995522866,11.115942028985511,0.9358522747160798,0.10622619931854871,5.374312440038372,7.740869565217389,0.0,-0.3887987012987013,-0.6666666666666666
201,2.592301774677029,-6.318421052631578,1.3328461150754727,-2.4884210526315798,0.05428345694680411,-0.1648433005042813,-1.0221417926335974,-2.6374999999999993,-0.1991797542171847,-0.6249227692964414,-0.355279965935698,-0.6525000000000007,0.0,0.0929487179487179,-0.3333333333333333
202,-2.7381218637992824,1.235294117647058,-1.3687741935483855,-0.7251336898395735,-0.05878498262777043,0.10481133659566311,-2.951764109251613,8.909090909090908,-0.5009222714701256,2.0511990354128526,-1.3717496196479066,3.5727272727272714,1.0,-0.023026315789473673,0.33333333333333337
203,-1.4557123958772493,33.14705882352941,-1.942470453124776,17.805882352941175,0.057488575914924546,0.29822700607584335,-3.74917177738293,2.6897233201581017,-0.404247355744384,-0.013702104276887894,-2.061906344930356,2.219762845849803,1.0,0.018218623481781382,0.33333333333333337
204,2.6429501330163596,-4.789473684210527,1.528312673345785,-1.957894736842106,0.04270186507821746,-0.13131234749920248,-0.7000403825327162,6.003289473684209,-0.23102618949550013,0.2786043526460116,-0.03316690835001079,3.846710526315789,1.0,0.0602796674225245,0.0
205,0.8962231159293594,4.37799043062201,0.5213498863437698,4.067942583732057,0.015408546341157958,-0.04753025708275264,-2.8716634855381002,-40.25714285714285,-0.4684195942891307,-2.034508941429058,-1.232849801791219,-24.57857142857143,1.0,0.1339285714285714,0.3333333333333333
206,0.2869221599187597,54.087500000000006,-0.8682105170206267,32.02499999999999,0.07680515681025006,0.29161785067632345,-0.8736423730231806,1.7767857142857153,-0.05913250497503686,0.4217687074829932,-0.5774077483055802,0.4875000000000016,1.0,-0.06661532537543324,0.6666666666666667
207,4.839909861827671,10.142857142857146,2.73480875289094,7.671428571428571,0.07907548211407105,0.043210049369581206,5.365210843373493,-13.00909090909091,0.8143627153480368,-0.5867227676484328,2.5582161981258373,-9.147272727272728,1.0,-0.060786914235190004,0.0
208,-1.4504681293739345,-0.11538461538461675,-0.6148666540571206,-0.14615384615384563,-0.038682264702437553,0.003662317664440066,-1.698355836236935,-7.956140350877195,-0.26581651284393626,-0.47207771997687864,-0.776805313588854,-5.105263157894741,1.0,0.0413953488372093,0.3333333333333333
209,3.1188316884502534,20.549090909090907,0.6721792477994066,14.074909090909092,0.1294581618655696,0.1824267411446557,2.277771046382007,-1.2894736842105274,0.46791571001051846,0.4385194938190331,0.8860490476421328,-2.356578947368421,0.0,-0.0630885122410546,0.0
210,2.047120181405898,6.039772727272727,1.3658503401360544,4.915909090909091,0.01677737102012052,0.013153368788913008,1.9360880637476399,-5.7887700534759325,0.307620436125263,0.3207426886604514,0.8374763821572255,-5.3422459893048115,1.0,-0.057499999999999996,0.6666666666666666
211,1.011452188478625,18.25,0.3986454009176308,12.550000000000004,0.030493409005049415,0.18278834571371214,2.0054206784293847,-9.668831168831169,0.32072231830275033,-0.2744765138653076,0.9826231169668818,-7.850649350649354,1.0,-0.017424242424242342,0.6666666666666667
212,2.6289758269720096,-12.966666666666669,0.5935114503816754,-7.500000000000003,0.10809094772544488,-0.17111900940151337,-2.2606811145510832,4.25,-0.3096941086844618,0.11639030612244916,-1.1030959752321934,2.8500000000000005,0.0,0.09423503325942345,-0.3333333333333333
213,0.3336812441290036,-9.30654761904762,0.26558814320008484,-5.592857142857144,0.0006673731409881553,-0.13877078609221463,-2.1489937106918227,1.308300395256916,-0.451478258382763,-0.2767402376910013,-0.7145660377358443,1.7288537549407108,0.0,0.11349206349206342,0.0
214,-4.472862121727303,-4.862499999999997,-2.4848690921455336,-1.4325,-0.09689347050295478,-0.1269446658119954,4.8674966103784065,36.481818181818184,0.2378585459677245,2.0893121113263327,3.152385061013189,19.78363636363637,0.0,-0.25935288169868553,-1.0
215,2.542298724454806,7.507142857142856,1.8509395144698955,5.644285714285715,0.01025579468020732,0.01768926711758212,1.071407837445573,-9.481481481481481,0.18992441731288068,-0.7420974087640753,0.4090449927431008,-5.900000000000003,1.0,0.04375896700143467,0.6666666666666667
216,3.3718930148985535,6.324786324786327,2.1516695365725855,3.8205128205128203,0.04089247111997688,0.13009491144018584,-1.8705276770545396,-11.753036437246962,-0.35998600394729685,-1.337991718426501,-0.6816339985293007,-5.8299595141700395,1.0,0.14563279857397504,0.3333333333333333
217,2.1164821068614366,-1.0,1.5365821094793057,-0.6299999999999999,0.008604895774521873,-0.010038299975290302,1.3912499860455227,-1.5309523809523782,0.19618786566853075,-0.41152794107061474,0.6424193710439035,-0.268571428571426,0.0,0.0210622710622711,0.3333333333333333
218,3.2125696713434557,2.5730994152046804,1.9979682051563659,-1.0438596491228047,0.04192339416032779,0.2209849649150016,-1.679266696489222,-12.842105263157894,-0.3582215898167709,-1.2254141901398352,-0.5251503553854588,-6.889473684210522,0.0,0.12431318681318687,0.0
219,4.246702363850073,-1.4805491990846669,2.2280005223978074,-3.6878718535469126,0.08188201847110799,0.17261132208495575,5.422001162715585,10.511904761904763,0.8396512091374566,1.3362239093589654,2.5394774239390268,5.174999999999999,0.0,-0.06824247045367904,-0.3333333333333333
220,3.4130415747259306,12.623376623376625,2.1020069349584958,6.1909090909090905,0.045866248610848835,0.2665168328885145,-1.9100000000000001,-12.811688311688311,-0.3810832795714001,-1.600681275460036,-0.6570000000000009,-6.1909090909090905,1.0,0.14018536908308504,0.3333333333333333
221,4.416821525358113,-0.19130434782608674,2.3167015098722405,-2.2186956521739116,0.08426444376774933,0.15783597532218785,5.264863686272065,4.517027863777088,0.826677811769569,0.5202997602265267,2.4241556803227047,2.117647058823527,1.0,-0.048020527859237605,0.0
222,2.3473831463066013,-0.4404761904761898,0.37885229449867097,-1.0642857142857158,0.10580253473452232,0.04440695231425481,0.2070892803566089,6.9191176470588225,0.20762055439369576,1.6502788290359476,-0.2982075350392144,0.884558823529412,0.0,-0.05124223602484479,-0.6666666666666666
223,2.2632768361581945,2.891176470588235,0.3183764495985706,0.9441176470588228,0.10459307702459449,0.10227319008803004,0.20704168556882863,4.5989010989010985,0.20210019376721977,1.1587026491705865,-0.2890317052270799,-0.1483516483516425,0.0,-0.06942889137737962,-0.6666666666666666
224,-3.0699058959093506,-8.023809523809526,-1.6361676589206837,-3.0619047619047617,-0.05928868965109816,-0.2065696778096521,1.0910814729830918,7.842105263157894,0.245543043415684,0.959699412156839,0.3025861656866997,3.4723112128146454,0.0,-0.07303188028627194,-0.3333333333333333
225,-2.6126248031435857,-3.810909090909089,-1.3917985413513128,-1.7978181818181822,-0.050590798121927495,-0.08554560346802316,0.6892130857648127,0.25,0.1947139447274724,0.17645224441710816,0.10411140583554257,-0.12499999999999822,1.0,-0.05398618957940998,-0.3333333333333333
226,2.224624871531347,-2.764705882352942,0.5258293936279523,0.8470588235294114,0.08826455165110803,-0.18424036281179124,-1.8590963688441278,7.949999999999999,-0.2531285643408179,0.6932409012131711,-0.9034038621454306,4.327500000000002,0.0,0.028605015673981216,-1.0
227,-3.0781664294809374,-6.416666666666668,-1.6504920979701883,-2.3833333333333355,-0.05830363850931031,-0.1882543032381454,1.1550084940243792,6.555555555555557,0.24391766704090845,1.1640176746026523,0.3545003427413356,2.383333333333333,0.0,-0.07045454545454544,-0.3333333333333333
228,4.97664835164835,27.723646723646723,2.6342307692307783,12.967521367521364,0.11581806012516171,0.6485888182986873,-10.84997272231315,-29.849206349206348,-0.6796765966786538,-0.2265371025982228,-6.3720130932896835,-21.5952380952381,1.0,0.3888888888888889,1.0
229,2.4579881835856234,-5.081818181818182,1.109938043256249,-3.837272727272725,0.06127389822128778,0.017063886967913017,2.98786581013562,9.109473684210528,0.4782093582193774,0.3657796334490335,1.430331275979352,5.924210526315789,0.0,0.0,-0.3333333333333333
230,1.3106831395348841,-6.357142857142858,-0.15959302325581337,-5.618571428571431,0.10177943080092626,-0.04527568603198843,-0.13046701260192606,6.868347338935575,-0.3368976992549406,0.6674809142672347,0.6911786508524793,3.988235294117646,1.0,0.23232323232323232,0.0
231,4.894983603197378,14.94836956521739,2.409576757532288,5.398369565217391,0.1270789807178209,0.48767186199374263,-10.020220588235297,-19.808695652173917,-0.6974135564310995,-0.9427162568079375,-5.755024509803916,-13.494782608695655,1.0,0.4056064073226545,1.0
232,1.9333755341034955,-1.5904761904761884,0.3022313657224247,-2.182857142857147,0.10808454518225104,0.036402731147912114,-1.5897435897435912,1.6842105263157912,-0.4315666075337399,0.27698513033532013,-0.26461538461538847,0.7263157894736825,1.0,0.3,0.3333333333333333
233,2.2218643425539977,4.806397306397306,0.32410003789314157,2.8373737373737375,0.14150236796109938,0.16354245022817304,1.3171428571428585,2.320833333333333,0.41221158196350505,0.7120488262052254,-0.09428571428571608,0.14749999999999908,1.0,0.05194805194805194,0.3333333333333333
234,1.3859543817527022,3.25,-0.30648259303721304,1.2555555555555555,0.12374054819297076,0.15423691378929552,2.3500000000000014,-2.641304347826086,0.388094643984207,-0.5034013605442178,0.8714285714285683,-1.1608695652173893,0.0,-0.04166666666666666,0.0
235,4.636666666666667,-3.733333333333338,2.835333333333339,-0.44000000000000217,0.07911068458255037,-0.1341434898627273,-7.389399008829965,-14.678571428571427,-0.7332873138947367,-1.470114436195149,-4.00581620588161,-5.750000000000001,1.0,0.39583333333333326,1.0
236,-4.963177835661851,-0.8636363636363633,-2.377977740942458,-0.2727272727272725,-0.1686554544619061,-0.033699754411568694,3.282051282051281,-4.841269841269842,0.184115633212941,-0.5833301615092816,2.2476923076923088,-2.519047619047618,1.0,-0.2692307692307692,0.3333333333333333
237,-3.528096800656275,8.942499999999999,-1.4965545529122233,5.0760000000000005,-0.13299074571307182,0.159970238095238,0.9343209876543206,-6.2145748987854255,-0.027888533138429317,-1.0661526329624111,0.8429629629629671,-2.9089068825910944,1.0,-0.17582417582417587,0.6666666666666667
238,0.171985815602838,-10.18823529411765,0.5553191489361682,-3.1129411764705868,-0.030185272120755908,-0.3259637188208617,3.247067448680351,-10.87777777777778,0.31564643950856563,-1.0346163781968478,1.5485337243401718,-5.086666666666668,1.0,-0.05000000000000002,0.3333333333333333
239,-0.21487179487179375,-2.432712215320908,0.34430769230769087,1.4608695652173909,-0.040052119661280194,-0.26360544217687076,3.567092198581559,-2.7543478260869563,0.37506067599541826,0.11904761904761951,1.6532765957446793,-2.3008695652173916,0.0,-0.08791208791208793,0.0
240,3.013554293898011,1.6217105263157912,1.5991407089151446,0.6374999999999984,0.05742459821069342,0.037414324341319194,-1.0588568935427602,-1.7105263157894726,-0.2339047631052713,-0.24712318430484714,-0.29740837696335287,-0.6375000000000011,0.0,0.052107728337236536,-0.3333333333333333
241,0.9243937575030046,2.4117647058823515,0.30645378151260694,4.152429667519184,0.03174540501941777,-0.18105185380765118,4.35829342000228,-1.5652173913043477,0.6804575630251506,-1.6464236179908873,2.0617088607594996,1.9043478260869575,0.0,-0.1171875,0.0
242,0.7221763843050972,-2.8695652173913047,0.18274202420242247,-0.6141304347826084,0.028919469564525475,-0.1408523228193371,4.34950700038948,4.481481481481481,0.6682013093134618,-0.3526847632256791,2.0892688026566697,4.591919191919192,0.0,-0.13349358974358977,-0.6666666666666667
243,-1.7826204574829418,5.668192219679632,-0.8166882082419074,5.159725400457665,-0.04311411128463242,-0.029921826058568673,-0.17070078969457114,6.995475113122172,-0.16584023747036358,0.09298487105908837,0.23872244205765725,5.431221719457013,0.0,-0.026345083487940624,0.0
244,-1.867127082451617,2.8972332015810274,-0.8577603785925918,2.601581027667984,-0.045133265431849846,0.0026858639896087944,-0.06069705093833733,4.141666666666669,-0.1473258254711718,0.22576602797315903,0.28778717261290776,2.969999999999998,0.0,-0.04500000000000004,-0.3333333333333333
245,-1.8814382530120497,-6.8601190476190474,-0.9257078313253029,-5.716071428571428,-0.040777762455292965,-0.026805176539840936,0.022085462897067032,7.071428571428573,-0.1568751447628447,0.1730682050507122,0.3799055444135364,5.716071428571428,1.0,-0.02579979360165119,-0.3333333333333333
246,-3.465874363327675,-0.04761904761904745,-1.7299948328043113,0.8400000000000007,-0.08939057360680798,-0.05952380952380946,12.871213895394224,4.941558441558442,1.359209383098185,1.4738747791136824,6.794250585480097,0.7363636363636381,0.0,-0.49242424242424243,-0.6666666666666667
247,-3.5486684250829583,-13.499999999999996,-1.8083638220028933,-8.399999999999999,-0.0873102479680224,-0.16723356009070298,14.17882514704759,16.452380952380953,1.3866148658702757,1.6612094753011561,7.6430448399663975,8.371428571428574,0.0,-0.5038935756002596,-1.0
248,-0.188950774282862,14.333333333333332,0.41745597372911636,7.799999999999999,-0.04070458669670248,0.07407407407407411,1.387657904419278,-2.123839009287927,0.21574226701340837,0.4081632653061238,0.6141735824373509,-2.1845201238390084,0.0,0.000892060660124816,0.0
249,0.1715966256481707,10.397058823529413,0.6084606454608767,6.002941176470588,-0.03477651594385408,0.04504400630308621,1.081037766830871,-2.4499999999999993,0.18880636295394382,0.25475555247566106,0.4313497536945867,-1.9300000000000033,1.0,0.017816091954022895,0.0
250,4.385753176043558,7.2662538699690415,1.3019237749546289,4.404334365325078,0.20757273201465973,0.11897738446411028,-3.75266554433221,-8.299242424242424,-0.5653023560196679,-2.760416666666666,-1.78341750841751,-1.3090909090909095,1.0,0.2717948717948718,0.33333333333333337
251,1.6083669354838719,0.6041189931350104,1.980846774193556,3.171624713958807,-0.052864011443266655,-0.25547878048145584,1.994275067750678,-11.5,0.23046087380101632,-1.4141437633364529,1.0344512195121975,-4.365000000000003,1.0,0.05846994535519123,0.3333333333333333
252,3.3514563106796107,5.277777777777775,0.7378640776699061,2.099999999999998,0.17369634096218167,0.1699162053849498,-2.2771128480703453,-0.7290909090909086,-0.4201755233929507,-1.0763888888888884,-0.8874694675134345,1.8850909090909074,0.0,0.1875,0.0
253,-3.315909532129684,-8.739999999999998,-1.915987186953994,-5.521333333333331,-0.06389788992630052,-0.051386145856191945,4.589251305048524,-9.416666666666668,0.12900150152308854,-1.5427541095800272,3.1487229793644635,-2.969999999999998,0.0,-0.26971326164874554,-0.3333333333333333
254,-2.682306467541366,-9.24431818181818,-1.3893705786323327,-7.1863636363636365,-0.05412394029550782,-0.027054354079940463,-2.39413827393102,10.655677655677657,-0.39969738006394895,0.34267912772585607,-1.1104411995603796,8.320879120879123,0.0,0.004310344827586188,0.0
255,-2.885329077130695,-19.650000000000002,-1.545009342883847,-14.46,-0.054896554129700625,-0.10269247886070303,-2.163164556962027,13.31103678929766,-0.3850455976874505,0.493353558089086,-0.9494582278481092,9.744481605351172,0.0,-0.011176615082289398,-0.3333333333333333
256,-1.4234746157428972,-5.610526315789473,-1.1737307871448488,-1.9869473684210526,-0.00997956503777179,-0.23025579834439558,-0.006362058993637731,-3.219298245614036,-0.24998058083152142,-1.6220979508423952,0.6186003470214008,1.1087719298245604,0.0,-0.033333333333333326,0.0
257,-3.5090393104898023,1.829573934837093,-2.882131595543414,0.981954887218043,-0.030982620304024877,0.04250502715264496,8.379363092754833,-19.522727272727273,1.0328220346976877,-1.446235952944714,4.39432624113474,-11.113636363636365,0.0,-0.47979797979797983,0.0
258,1.213139801375096,-4.590000000000002,0.04766997708174525,-3.6480000000000006,0.07648077385080503,-0.056830336479932075,-2.54905490549055,1.42436974789916,-0.7575623079897689,-0.40021184268971766,-0.24842484248424768,2.258823529411762,1.0,0.3181818181818182,0.3333333333333333
259,-0.464928952846412,1.757575757575756,0.38115666576160834,2.636363636363634,-0.05809821861915232,-0.07801165103346674,-2.4509478345094777,-13.990588235294116,-0.5555508601709773,-1.6428398025517206,-0.6680780406807827,-7.400470588235297,1.0,0.1862745098039216,0.6666666666666666
260,2.8111891652427055,14.738095238095237,1.4591987848870396,9.12857142857143,0.05671216079793817,0.2704798023774049,2.1443816791617607,-14.54761904761905,0.3607955764901991,-1.4658772082583535,0.9869017632241892,-9.12857142857143,1.0,0.02619047619047621,1.0
261,1.0348793278022086,-0.529411764705884,1.1239470462891639,2.8689075630252105,-0.019673360632120957,-0.20047488988952056,-2.4830883749192942,-4.470588235294116,-0.6650142675834854,-1.6289229645200214,-0.4483718810527506,0.776470588235294,1.0,0.11202686202686202,0.0
262,2.097704275922098,-1.7619047619047628,1.3590904145359604,0.1800000000000015,0.04069028986994535,-0.13089905263818316,-2.2864756828780806,-4.705555555555556,-0.5691933277216839,-1.330903159226338,-0.4887941372418405,-0.6700000000000008,0.0,0.2358974358974359,0.0
263,2.821320036219749,4.841911764705884,1.476158225728434,2.6404411764705875,0.05555106528676198,0.08096716947648626,2.193122867976829,-4.555147058823529,0.365957553073577,-0.36601597160603383,1.0066897335916636,-2.6404411764705875,0.0,0.010274763334103043,0.3333333333333333
264,-3.894063180827885,-1.4453781512605062,-1.789379084967317,-1.4890756302521009,-0.13327317633159996,0.013564896142400862,0.43577648766327926,-1.708333333333334,0.13171371933527887,0.3514350945857805,0.05083454281567423,-2.4846153846153864,0.0,-0.16666666666666669,0.0
265,2.8412885273972606,0.613960113960113,0.7119863013698673,0.6760683760683754,0.14322922227204446,-0.009277351032888514,-0.6303172737955336,4.340740740740742,-0.32565312428833515,0.16507936507936538,0.24996474735605112,3.4533333333333336,1.0,0.21362229102167185,0.3333333333333333
266,0.5359477124183005,3.601851851851851,-0.3895424836601302,1.5472222222222225,0.06481316923623763,0.1459341882287477,5.970370370370372,6.981481481481481,0.49731053206822917,0.59965463700608,3.6443555555555536,4.67,0.0,-0.24999999999999997,-0.3333333333333333
267,2.5889409559512657,6.979166666666668,1.7649109653233381,6.300000000000002,0.04186906570501048,-0.033841940532081484,-4.214478114478116,-9.350000000000001,-0.7536406404669824,-1.4822210000239133,-1.5878114478114451,-3.6299999999999972,1.0,0.31512605042016806,0.3333333333333333
268,-2.449892075238978,-6.534615384615382,-2.5194264569842737,-4.354615384615386,0.02109681457559794,-0.04378853994717321,2.379796194239365,-5.796568627450981,0.34807438020480497,0.09856959471850502,1.2449516481231084,-4.426470588235294,0.0,-0.10869565217391308,0.0
269,-4.5887177376682935,-16.37987012987013,-2.8096537127403085,-14.035714285714286,-0.08308809201798868,0.01993306310306468,2.2138570390726144,-0.8954545454545482,0.04610049716847975,0.5854185152321811,1.7862029754572237,-1.9581818181818198,0.0,-0.14437134502923982,-0.3333333333333333
270,-0.8050377898895071,-9.041666666666664,-0.41704133289370304,-5.700000000000001,-0.016999578003687493,-0.0670868903447821,-2.2389737065309596,-0.5555555555555536,-0.2585346113487317,-0.23497392095774838,-1.2907191643230362,0.16666666666666874,1.0,0.03838201085551829,0.33333333333333337
271,-1.2849425936382453,-23.045454545454547,-0.7339469226425885,-15.081818181818186,-0.022194833268149566,-0.12264224446286039,-1.8803853286182495,9.24235294117647,-0.25028382476961486,0.026741731175228267,-1.0017034673106942,6.83294117647059,0.0,0.022272272272272353,0.0
272,-0.2263634677219919,14.322222222222221,-0.4665981325748261,5.497333333333331,0.02031005814554465,0.44425580079230365,0.6590018460342648,-0.6380952380952358,0.20416383958259132,-0.3231292517006805,0.05070278848333931,0.2099999999999982,1.0,0.012595663265306145,0.6666666666666666
273,-0.3037524746535496,8.983981693363845,-0.5417511548383303,2.861327231121283,0.02117489024824278,0.32746857466815227,0.6790656082331914,0.2927631578947363,0.1867116016513597,-1.0883205809249947,0.10408835618587631,3.0473684210526297,1.0,0.030000000000000027,0.6666666666666666
274,0.25400767833069793,-1.3333333333333357,-0.37280200457183543,2.6645352591003757e-15,0.0413757395337484,-0.0792303338992646,-1.1243254135679273,-0.5315789473684198,-0.16199213358437436,-0.6627176833659689,-0.5181806159910849,0.8668421052631565,1.0,-0.009294696555494864,0.0
275,0.7186379928315425,16.625,-0.11326164874552269,8.264285714285714,0.04803913870747086,0.2141684815200581,-1.503207250962788,-9.133152173913043,-0.19885967837665852,-0.6249525832637897,-0.7311391566708378,-4.835869565217391,1.0,0.0071428571428571175,0.3333333333333333
276,1.1785831151832475,25.612732095490713,0.11598494764397227,13.074270557029182,0.05698700388609327,0.3887748320403232,-1.8934904959116494,-26.302387267904507,-0.2559761980667359,-2.4157240526153005,-0.9098757566103846,-13.074270557029182,1.0,0.02305327868852458,1.0
277,-4.663352412561352,-10.229166666666668,-3.2259861898266076,-7.3500000000000005,-0.0475826223399034,0.005668934240363003,6.650335900376863,2.701818181818183,0.7331480624264133,-0.11132252210057914,3.421290075918944,2.143636363636367,0.0,-0.3857142857142857,-0.3333333333333333
278,-4.84089234978428,-9.407407407407405,-3.3418052194044057,-6.533333333333334,-0.05136302805202897,-0.048185941043084046,6.464786585365854,7.828571428571426,0.6933607405845663,0.3883737466080417,3.4065243902439004,5.134285714285715,0.0,-0.4002463054187192,-1.0
279,1.8802469135802475,-11.50534759358289,-0.2604853128991005,-4.520855614973264,0.1246350998394347,-0.3357615509635476,4.898709036742801,9.136363636363637,0.9893647608530989,0.5740086565472664,1.8038066865276408,5.76136363636364,0.0,-0.16421568627450983,-1.0
280,2.054230701289523,-4.608695652173912,-0.2237413884472641,-2.128695652173916,0.13302203755841635,-0.14155251141552494,4.945092024539878,5.648496240601505,0.9924600418917926,-0.13020990318652714,1.8685889570552154,5.740601503759403,1.0,-0.12884615384615383,-0.3333333333333333
281,-1.9346151504079927,4.88998357963875,-0.3760686883448958,5.138916256157637,-0.08303938548513183,-0.03821286015495495,-1.085725220053579,-25.689393939393938,-0.2981251031675596,-3.4070878293921067,-0.16920780711825056,-10.922727272727276,1.0,-0.018867924528301883,0.6666666666666666
282,-1.7595307917888547,8.499999999999998,-0.28663552365934386,6.733333333333333,-0.0793165839283474,0.0384058504503176,-1.2028203419942258,-19.493333333333336,-0.3059347445877689,-2.6005107925523143,-0.24154119475904068,-9.008,1.0,-0.001322751322751281,1.0
283,-0.3670657363202352,0.9340659340659343,1.1099757620271848,3.784615384615387,-0.09833120085575346,-0.24485656331498115,-0.5312229989788726,10.642857142857144,-0.22407812170701824,1.584132610508755,0.070074172155703,5.142857142857146,0.0,0.07444168734491319,-0.6666666666666667
284,-1.7995049504950487,10.089673913043477,-0.3259986343461847,6.373369565217389,-0.07873627386740208,0.09444796917039715,-1.1010464916795364,-10.290760869565219,-0.2932814987748884,-0.6022875471432112,-0.19045290787441527,-6.373369565217389,0.0,-0.018181818181818188,0.3333333333333333
285,-0.5754912652083739,2.8076923076923066,1.0257874142023269,5.922115384615386,-0.10360056331385896,-0.3162074730702182,-0.3670786393962615,11.285714285714285,-0.18582507515097912,2.397243638622948,0.11757191293885683,3.706015037593988,0.0,0.05772005772005773,-1.0
286,1.7765072765072762,6.642468239564428,0.5401247401247407,4.621415607985483,0.07905002172002762,0.12093936627486783,4.662792922046869,-18.81230769230769,0.8255831254176913,-2.1862950025648464,1.682266857962702,-9.98030769230769,1.0,-0.21666666666666667,0.3333333333333333
287,0.9359186746987973,-7.541176470588237,1.4978765060240962,-3.232941176470587,-0.0430712082404181,-0.20866337402540922,-13.875388662999281,-19.372670807453417,-1.6946262956901261,-2.1874386426896733,-6.766496053575697,-9.834782608695653,1.0,0.4903846153846154,0.6666666666666666
288,1.488033810015235,9.049019607843135,1.5275246940881546,7.047058823529413,-0.013376458509358535,0.006484608231782059,-11.275864406779661,-14.461038961038962,-1.2494945573940166,-0.8211069777144244,-5.608027118644072,-9.190909090909091,0.0,0.36631578947368415,0.3333333333333333
289,-1.032955865272939,-6.660714285714285,0.04224738675958761,-2.0892857142857135,-0.060725436428492895,-0.17557994367505744,-2.541562313655337,5.512499999999999,-0.3389025977040241,0.8089568739514279,-1.3740966010733384,2.1525000000000007,0.0,0.05714285714285705,0.0
290,4.67280750137893,20.89846153846154,2.4985879757308442,12.572307692307692,0.08411264082612228,0.18746245344226864,4.327694275663575,-17.007575757575754,0.758920322321103,0.2264412785118477,1.7707387272145967,-12.686363636363637,1.0,-0.030579710144927552,0.6666666666666667
291,1.5371111891659837,0.8342245989304793,0.786816532022006,0.16363636363636402,0.03042918872711257,0.03912676181583737,0.2804546813477593,5.072398190045249,0.12651844366439846,1.7099567099567095,-0.0582485735549545,0.7954751131221744,0.0,-0.020285087719298267,-1.0
292,2.064763881681369,-6.573076923076922,0.9330911606988375,-2.390769230769232,0.0506542809986413,-0.1701594616341159,0.08842058348792037,4.235714285714284,-0.000881101214917912,0.9813633081591631,0.06931388373605252,0.9728571428571442,0.0,-0.015268065268065234,-0.6666666666666667
293,3.108303882497431,-1.9347826086956523,0.30016692984435167,-3.0508695652173916,0.15432406983501634,0.17612017612017597,2.335718978401907,-2.600840336134457,0.5554963315371655,-0.5169271573363652,0.6775190933727648,-0.6226890756302499,0.0,-0.07452867242733696,0.3333333333333333
294,4.619879582840554,19.18181818181818,2.6636942264272605,13.715454545454547,0.06937532064443379,0.08531499025875829,0.8389936038942665,-5.18716577540107,0.2104451550460018,0.2034476774454781,0.1712458255504581,-4.591443850267379,1.0,0.11189209726443772,0.6666666666666667
295,-2.7214839181743713,2.8352272727272734,-2.0198410266352305,0.2386363636363651,-0.010858671315222631,0.15571282276351375,2.5365212496481853,4.649999999999999,0.45160052699546327,-0.09034908893531224,0.9774038840416619,3.4933333333333305,0.0,-0.09999999999999998,0.3333333333333333
296,-2.8509911141490107,-1.8874999999999993,-1.2257860560492242,-3.4425,-0.07993608124558997,0.1672125239249936,0.9983104750546588,22.811912225705335,-0.10143573618883117,2.1780907020086957,1.0704233750745367,13.704075235109723,0.0,-0.09688013136288998,-0.6666666666666667
297,-3.854270446517525,-4.871541501976285,-2.554130060682918,-2.8920948616600803,-0.0510070650300111,-0.10994970581069759,3.1376731301939067,-0.8285714285714256,0.2159634339546539,-0.034188836142818424,1.9485872576177306,-0.658571428571431,0.0,-0.24003189792663476,0.0
298,-4.667151269782849,-5.253333333333332,-2.267346337872655,-4.572,-0.1103697295430847,0.07501262748385296,0.12696601339617786,6.735897435897435,-0.27240795050278166,0.3564366616046559,0.7335450260481311,4.26769230769231,0.0,-0.10606060606060608,-0.3333333333333333
299,0.8923220973782762,1.0723981900452486,-0.2967594854258344,0.35022624434389016,0.06999709394634983,0.02796673635597724,3.221865436699197,13.709030100334449,0.6018227021955411,1.0921531385157568,1.1839270565613242,7.729765886287625,1.0,-0.11016949152542377,0.0
300,2.6889832874636035,-3.034324942791759,0.14106736867295666,-4.455377574370711,0.14186514310967402,0.17513968002481337,-0.5322016736650887,9.791443850267381,0.1008894510337095,1.2736687082145028,-0.6478298936835545,4.755080213903746,0.0,0.03803245436105479,-0.3333333333333333
301,-8.748083423880235,-31.57936507936508,-5.442086200651942,-25.547619047619047,-0.11972598503277476,-0.1698593073593074,2.521642394822006,5.075757575757578,-0.018193714693937046,0.5610968142692343,1.999302184466023,3.009090909090909,0.0,-0.3584558823529412,-1.0
302,-1.8753929157870033,-13.825714285714284,-0.1371710063335705,-7.050857142857144,-0.10117937449378338,-0.3513957307060755,-2.213966128658072,-5.792156862745099,-0.6762908253122193,-0.34480303749406715,-0.18130447751301038,-3.552941176470589,0.0,-0.029092071611253156,-0.6666666666666666
303,-0.34893420119073326,5.944444444444446,-0.8827146250424152,2.666666666666668,0.04255328133260283,0.11510654490106553,3.0227122962702637,20.139860139860136,0.46139225258421046,1.1674174174174166,1.326600184509953,10.92587412587413,0.0,-0.11940298507462688,-0.6666666666666667
304,-3.794775193798447,-12.084444444444443,-2.5364186046511534,-5.6080000000000005,-0.04883667637917825,-0.32290560592447387,6.947911543351367,11.266666666666666,0.7158646287843071,0.782608695652173,3.892731001586892,6.571428571428575,0.0,-0.3883116883116884,-0.6666666666666666
305,-2.236810966684491,-16.946949602122015,-2.771592851320446,-14.968169761273206,0.07409487629483429,0.05683654553908942,-1.1698014629049105,15.69176470588235,-0.06629279070804284,2.348822815682718,-0.7673533363188536,7.373647058823529,0.0,-0.08030168589174802,-1.0
