,Batting Avg All,Batting Avg Rec,Batting Ball By Wicket All,Batting Ball By Wicket Rec,Batting Strike Rate All,Batting Strike Rate Rec,Bowling Avg All,Bowling Avg Rec,Bowling Eco All,Bowling Eco Rec,Bowling Strike Rate All,Bowling Strike Rate Rec,Current Winner,Decision Winning Toss,Face To Face Win Diff,Innings,Non Striker Ball,Non Striker Run,Striker Ball,Striker Run,Target,Team1 No Of Matches,Team2 No Of Matches,Toss Jitse,Total Ball,Total Run,Total Wicket,Win Percentage All,Win Percentage Rec
0,-2.868721461187217,5.240165631469981,-2.7564805057955795,1.4608695652173909,0.038477168112851956,0.20691609977324266,7.225178658155832,15.053333333333335,1.5196217880527154,4.493695590202399,2.6659890376743203,2.6879999999999997,1.0,1,0.5,1,0.1,0,0.1,0,160,23,26,1,0.1,0,0,-0.3709090909090909,-0.3333333333333333
1,-2.868721461187217,5.240165631469981,-2.7564805057955795,1.4608695652173909,0.038477168112851956,0.20691609977324266,7.225178658155832,15.053333333333335,1.5196217880527154,4.493695590202399,2.6659890376743203,2.6879999999999997,1.0,1,0.5,1,0.2,0,0.2,0,160,23,26,1,0.2,1,0,-0.3709090909090909,-0.3333333333333333
2,-2.868721461187217,5.240165631469981,-2.7564805057955795,1.4608695652173909,0.038477168112851956,0.20691609977324266,7.225178658155832,15.053333333333335,1.5196217880527154,4.493695590202399,2.6659890376743203,2.6879999999999997,1.0,1,0.5,1,0.3,0,0.3,0,160,23,26,1,0.3,1,0,-0.3709090909090909,-0.3333333333333333
3,-2.868721461187217,5.240165631469981,-2.7564805057955795,1.4608695652173909,0.038477168112851956,0.20691609977324266,7.225178658155832,15.053333333333335,1.5196217880527154,4.493695590202399,2.6659890376743203,2.6879999999999997,1.0,1,0.5,1,0.4,0,0.4,0,160,23,26,1,0.4,1,0,-0.3709090909090909,-0.3333333333333333
4,-2.868721461187217,5.240165631469981,-2.7564805057955795,1.4608695652173909,0.038477168112851956,0.20691609977324266,7.225178658155832,15.053333333333335,1.5196217880527154,4.493695590202399,2.6659890376743203,2.6879999999999997,1.0,1,0.5,1,0.5,0,0.5,4,160,23,26,1,0.5,5,0,-0.3709090909090909,-0.3333333333333333
5,-2.868721461187217,5.240165631469981,-2.7564805057955795,1.4608695652173909,0.038477168112851956,0.20691609977324266,7.225178658155832,15.053333333333335,1.5196217880527154,4.493695590202399,2.6659890376743203,2.6879999999999997,1.0,1,0.5,1,0.6,0,0.6,4,160,23,26,1,0.6,5,0,-0.3709090909090909,-0.3333333333333333
6,-2.868721461187217,5.240165631469981,-2.7564805057955795,1.4608695652173909,0.038477168112851956,0.20691609977324266,7.225178658155832,15.053333333333335,1.5196217880527154,4.493695590202399,2.6659890376743203,2.6879999999999997,1.0,1,0.5,1,1.1,4,1.1,0,160,23,26,1,1.1,5,0,-0.3709090909090909,-0.3333333333333333
7,-2.868721461187217,5.240165631469981,-2.7564805057955795,1.4608695652173909,0.038477168112851956,0.20691609977324266,7.225178658155832,15.053333333333335,1.5196217880527154,4.493695590202399,2.6659890376743203,2.6879999999999997,1.0,1,0.5,1,1.2,4,1.2,0,160,23,26,1,1.2,5,0,-0.3709090909090909,-0.3333333333333333
8,-2.868721461187217,5.240165631469981,-2.7564805057955795,1.4608695652173909,0.038477168112851956,0.20691609977324266,7.225178658155832,15.053333333333335,1.5196217880527154,4.493695590202399,2.6659890376743203,2.6879999999999997,1.0,1,0.5,1,1.3,4,1.3,0,160,23,26,1,1.3,5,0,-0.3709090909090909,-0.3333333333333333
9,-2.868721461187217,5.240165631469981,-2.7564805057955795,1.4608695652173909,0.038477168112851956,0.20691609977324266,7.225178658155832,15.053333333333335,1.5196217880527154,4.493695590202399,2.6659890376743203,2.6879999999999997,1.0,1,0.5,1,1.4,4,1.4,0,160,23,26,1,1.4,5,0,-0.3709090909090909,-0.3333333333333333
10,-2.868721461187217,5.240165631469981,-2.7564805057955795,1.4608695652173909,0.038477168112851956,0.20691609977324266,7.225178658155832,15.053333333333335,1.5196217880527154,4.493695590202399,2.6659890376743203,2.6879999999999997,1.0,1,0.5,1,1.5,4,1.5,0,160,23,26,1,1.5,5,0,-0.3709090909090909,-0.3333333333333333
11,-2.868721461187217,5.240165631469981,-2.7564805057955795,1.4608695652173909,0.038477168112851956,0.20691609977324266,7.225178658155832,15.053333333333335,1.5196217880527154,4.493695590202399,2.6659890376743203,2.6879999999999997,1.0,1,0.5,1,1.6,4,1.6,1,160,23,26,1,1.6,6,0,-0.3709090909090909,-0.3333333333333333
12,-2.868721461187217,5.240165631469981,-2.7564805057955795,1.4608695652173909,0.038477168112851956,0.20691609977324266,7.225178658155832,15.053333333333335,1.5196217880527154,4.493695590202399,2.6659890376743203,2.6879999999999997,1.0,1,0.5,1,2.1,4,2.1,1,160,23,26,1,2.1,6,0,-0.3709090909090909,-0.3333333333333333
13,-2.868721461187217,5.240165631469981,-2.7564805057955795,1.4608695652173909,0.038477168112851956,0.20691609977324266,7.225178658155832,15.053333333333335,1.5196217880527154,4.493695590202399,2.6659890376743203,2.6879999999999997,1.0,1,0.5,1,2.2,4,2.2,2,160,23,26,1,2.2,7,0,-0.3709090909090909,-0.3333333333333333
14,-2.868721461187217,5.240165631469981,-2.7564805057955795,1.4608695652173909,0.038477168112851956,0.20691609977324266,7.225178658155832,15.053333333333335,1.5196217880527154,4.493695590202399,2.6659890376743203,2.6879999999999997,1.0,1,0.5,1,2.3,2,2.3,4,160,23,26,1,2.3,7,0,-0.3709090909090909,-0.3333333333333333
15,-2.868721461187217,5.240165631469981,-2.7564805057955795,1.4608695652173909,0.038477168112851956,0.20691609977324266,7.225178658155832,15.053333333333335,1.5196217880527154,4.493695590202399,2.6659890376743203,2.6879999999999997,1.0,1,0.5,1,2.4,2,2.4,5,160,23,26,1,2.4,8,0,-0.3709090909090909,-0.3333333333333333
16,-2.868721461187217,5.240165631469981,-2.7564805057955795,1.4608695652173909,0.038477168112851956,0.20691609977324266,7.225178658155832,15.053333333333335,1.5196217880527154,4.493695590202399,2.6659890376743203,2.6879999999999997,1.0,1,0.5,1,2.5,5,2.5,2,160,23,26,1,2.5,8,0,-0.3709090909090909,-0.3333333333333333
17,-2.868721461187217,5.240165631469981,-2.7564805057955795,1.4608695652173909,0.038477168112851956,0.20691609977324266,7.225178658155832,15.053333333333335,1.5196217880527154,4.493695590202399,2.6659890376743203,2.6879999999999997,1.0,1,0.5,1,2.6,5,2.6,2,160,23,26,1,2.6,8,0,-0.3709090909090909,-0.3333333333333333
18,-2.868721461187217,5.240165631469981,-2.7564805057955795,1.4608695652173909,0.038477168112851956,0.20691609977324266,7.225178658155832,15.053333333333335,1.5196217880527154,4.493695590202399,2.6659890376743203,2.6879999999999997,1.0,1,0.5,1,3.1,2,3.1,6,160,23,26,1,3.1,9,0,-0.3709090909090909,-0.3333333333333333
19,-2.868721461187217,5.240165631469981,-2.7564805057955795,1.4608695652173909,0.038477168112851956,0.20691609977324266,7.225178658155832,15.053333333333335,1.5196217880527154,4.493695590202399,2.6659890376743203,2.6879999999999997,1.0,1,0.5,1,3.2,6,3.2,2,160,23,26,1,3.2,9,0,-0.3709090909090909,-0.3333333333333333
20,-2.868721461187217,5.240165631469981,-2.7564805057955795,1.4608695652173909,0.038477168112851956,0.20691609977324266,7.225178658155832,15.053333333333335,1.5196217880527154,4.493695590202399,2.6659890376743203,2.6879999999999997,1.0,1,0.5,1,3.3,6,3.3,2,160,23,26,1,3.3,9,0,-0.3709090909090909,-0.3333333333333333
21,-2.868721461187217,5.240165631469981,-2.7564805057955795,1.4608695652173909,0.038477168112851956,0.20691609977324266,7.225178658155832,15.053333333333335,1.5196217880527154,4.493695590202399,2.6659890376743203,2.6879999999999997,1.0,1,0.5,1,3.4,6,3.4,2,160,23,26,1,3.4,9,1,-0.3709090909090909,-0.3333333333333333
22,-2.868721461187217,5.240165631469981,-2.7564805057955795,1.4608695652173909,0.038477168112851956,0.20691609977324266,7.225178658155832,15.053333333333335,1.5196217880527154,4.493695590202399,2.6659890376743203,2.6879999999999997,1.0,1,0.5,1,3.5,0,3.5,6,160,23,26,1,3.5,9,1,-0.3709090909090909,-0.3333333333333333
23,-2.868721461187217,5.240165631469981,-2.7564805057955795,1.4608695652173909,0.038477168112851956,0.20691609977324266,7.225178658155832,15.053333333333335,1.5196217880527154,4.493695590202399,2.6659890376743203,2.6879999999999997,1.0,1,0.5,1,3.6,0,3.6,6,160,23,26,1,3.6,9,1,-0.3709090909090909,-0.3333333333333333
24,-2.868721461187217,5.240165631469981,-2.7564805057955795,1.4608695652173909,0.038477168112851956,0.20691609977324266,7.225178658155832,15.053333333333335,1.5196217880527154,4.493695590202399,2.6659890376743203,2.6879999999999997,1.0,1,0.5,1,4.1,6,4.1,0,160,23,26,1,4.1,9,1,-0.3709090909090909,-0.3333333333333333
25,-2.868721461187217,5.240165631469981,-2.7564805057955795,1.4608695652173909,0.038477168112851956,0.20691609977324266,7.225178658155832,15.053333333333335,1.5196217880527154,4.493695590202399,2.6659890376743203,2.6879999999999997,1.0,1,0.5,1,4.2,6,4.2,3,160,23,26,1,4.2,12,1,-0.3709090909090909,-0.3333333333333333
26,-2.868721461187217,5.240165631469981,-2.7564805057955795,1.4608695652173909,0.038477168112851956,0.20691609977324266,7.225178658155832,15.053333333333335,1.5196217880527154,4.493695590202399,2.6659890376743203,2.6879999999999997,1.0,1,0.5,1,4.3,3,4.3,10,160,23,26,1,4.3,16,1,-0.3709090909090909,-0.3333333333333333
27,-2.868721461187217,5.240165631469981,-2.7564805057955795,1.4608695652173909,0.038477168112851956,0.20691609977324266,7.225178658155832,15.053333333333335,1.5196217880527154,4.493695590202399,2.6659890376743203,2.6879999999999997,1.0,1,0.5,1,4.4,3,4.4,14,160,23,26,1,4.4,20,1,-0.3709090909090909,-0.3333333333333333
28,-2.868721461187217,5.240165631469981,-2.7564805057955795,1.4608695652173909,0.038477168112851956,0.20691609977324266,7.225178658155832,15.053333333333335,1.5196217880527154,4.493695590202399,2.6659890376743203,2.6879999999999997,1.0,1,0.5,1,4.5,3,4.5,14,160,23,26,1,4.5,20,1,-0.3709090909090909,-0.3333333333333333
29,-2.868721461187217,5.240165631469981,-2.7564805057955795,1.4608695652173909,0.038477168112851956,0.20691609977324266,7.225178658155832,15.053333333333335,1.5196217880527154,4.493695590202399,2.6659890376743203,2.6879999999999997,1.0,1,0.5,1,4.6,3,4.6,14,160,23,26,1,4.6,20,2,-0.3709090909090909,-0.3333333333333333
30,-2.868721461187217,5.240165631469981,-2.7564805057955795,1.4608695652173909,0.038477168112851956,0.20691609977324266,7.225178658155832,15.053333333333335,1.5196217880527154,4.493695590202399,2.6659890376743203,2.6879999999999997,1.0,1,0.5,1,5.1,3,5.1,0,160,23,26,1,5.1,20,2,-0.3709090909090909,-0.3333333333333333
31,-2.868721461187217,5.240165631469981,-2.7564805057955795,1.4608695652173909,0.038477168112851956,0.20691609977324266,7.225178658155832,15.053333333333335,1.5196217880527154,4.493695590202399,2.6659890376743203,2.6879999999999997,1.0,1,0.5,1,5.2,3,5.2,0,160,23,26,1,5.2,20,2,-0.3709090909090909,-0.3333333333333333
32,-2.868721461187217,5.240165631469981,-2.7564805057955795,1.4608695652173909,0.038477168112851956,0.20691609977324266,7.225178658155832,15.053333333333335,1.5196217880527154,4.493695590202399,2.6659890376743203,2.6879999999999997,1.0,1,0.5,1,5.3,3,5.3,2,160,23,26,1,5.3,22,2,-0.3709090909090909,-0.3333333333333333
33,-2.868721461187217,5.240165631469981,-2.7564805057955795,1.4608695652173909,0.038477168112851956,0.20691609977324266,7.225178658155832,15.053333333333335,1.5196217880527154,4.493695590202399,2.6659890376743203,2.6879999999999997,1.0,1,0.5,1,5.4,3,5.4,2,160,23,26,1,5.4,23,2,-0.3709090909090909,-0.3333333333333333
34,-2.868721461187217,5.240165631469981,-2.7564805057955795,1.4608695652173909,0.038477168112851956,0.20691609977324266,7.225178658155832,15.053333333333335,1.5196217880527154,4.493695590202399,2.6659890376743203,2.6879999999999997,1.0,1,0.5,1,5.5,3,5.5,2,160,23,26,1,5.5,23,2,-0.3709090909090909,-0.3333333333333333
35,-2.868721461187217,5.240165631469981,-2.7564805057955795,1.4608695652173909,0.038477168112851956,0.20691609977324266,7.225178658155832,15.053333333333335,1.5196217880527154,4.493695590202399,2.6659890376743203,2.6879999999999997,1.0,1,0.5,1,5.6,3,5.6,3,160,23,26,1,5.6,24,2,-0.3709090909090909,-0.3333333333333333
36,-2.868721461187217,5.240165631469981,-2.7564805057955795,1.4608695652173909,0.038477168112851956,0.20691609977324266,7.225178658155832,15.053333333333335,1.5196217880527154,4.493695590202399,2.6659890376743203,2.6879999999999997,1.0,1,0.5,1,5.7,3,5.7,4,160,23,26,1,5.7,25,2,-0.3709090909090909,-0.3333333333333333
37,-2.868721461187217,5.240165631469981,-2.7564805057955795,1.4608695652173909,0.038477168112851956,0.20691609977324266,7.225178658155832,15.053333333333335,1.5196217880527154,4.493695590202399,2.6659890376743203,2.6879999999999997,1.0,1,0.5,1,6.1,3,6.1,4,160,23,26,1,6.1,26,2,-0.3709090909090909,-0.3333333333333333
38,-2.868721461187217,5.240165631469981,-2.7564805057955795,1.4608695652173909,0.038477168112851956,0.20691609977324266,7.225178658155832,15.053333333333335,1.5196217880527154,4.493695590202399,2.6659890376743203,2.6879999999999997,1.0,1,0.5,1,6.2,3,6.2,4,160,23,26,1,6.2,26,2,-0.3709090909090909,-0.3333333333333333
39,-2.868721461187217,5.240165631469981,-2.7564805057955795,1.4608695652173909,0.038477168112851956,0.20691609977324266,7.225178658155832,15.053333333333335,1.5196217880527154,4.493695590202399,2.6659890376743203,2.6879999999999997,1.0,1,0.5,1,6.3,3,6.3,4,160,23,26,1,6.3,26,3,-0.3709090909090909,-0.3333333333333333
40,-2.868721461187217,5.240165631469981,-2.7564805057955795,1.4608695652173909,0.038477168112851956,0.20691609977324266,7.225178658155832,15.053333333333335,1.5196217880527154,4.493695590202399,2.6659890376743203,2.6879999999999997,1.0,1,0.5,1,6.4,3,6.4,0,160,23,26,1,6.4,26,3,-0.3709090909090909,-0.3333333333333333
41,-2.868721461187217,5.240165631469981,-2.7564805057955795,1.4608695652173909,0.038477168112851956,0.20691609977324266,7.225178658155832,15.053333333333335,1.5196217880527154,4.493695590202399,2.6659890376743203,2.6879999999999997,1.0,1,0.5,1,6.5,3,6.5,1,160,23,26,1,6.5,27,3,-0.3709090909090909,-0.3333333333333333
42,-2.868721461187217,5.240165631469981,-2.7564805057955795,1.4608695652173909,0.038477168112851956,0.20691609977324266,7.225178658155832,15.053333333333335,1.5196217880527154,4.493695590202399,2.6659890376743203,2.6879999999999997,1.0,1,0.5,1,6.6,1,6.6,4,160,23,26,1,6.6,28,3,-0.3709090909090909,-0.3333333333333333
43,-2.868721461187217,5.240165631469981,-2.7564805057955795,1.4608695652173909,0.038477168112851956,0.20691609977324266,7.225178658155832,15.053333333333335,1.5196217880527154,4.493695590202399,2.6659890376743203,2.6879999999999997,1.0,1,0.5,1,6.7,4,6.7,1,160,23,26,1,6.7,28,3,-0.3709090909090909,-0.3333333333333333
44,-2.868721461187217,5.240165631469981,-2.7564805057955795,1.4608695652173909,0.038477168112851956,0.20691609977324266,7.225178658155832,15.053333333333335,1.5196217880527154,4.493695590202399,2.6659890376743203,2.6879999999999997,1.0,1,0.5,1,7.1,1,7.1,4,160,23,26,1,7.1,28,3,-0.3709090909090909,-0.3333333333333333
45,-2.868721461187217,5.240165631469981,-2.7564805057955795,1.4608695652173909,0.038477168112851956,0.20691609977324266,7.225178658155832,15.053333333333335,1.5196217880527154,4.493695590202399,2.6659890376743203,2.6879999999999997,1.0,1,0.5,1,7.2,1,7.2,6,160,23,26,1,7.2,30,3,-0.3709090909090909,-0.3333333333333333
46,-2.868721461187217,5.240165631469981,-2.7564805057955795,1.4608695652173909,0.038477168112851956,0.20691609977324266,7.225178658155832,15.053333333333335,1.5196217880527154,4.493695590202399,2.6659890376743203,2.6879999999999997,1.0,1,0.5,1,7.3,1,7.3,8,160,23,26,1,7.3,32,3,-0.3709090909090909,-0.3333333333333333
47,-2.868721461187217,5.240165631469981,-2.7564805057955795,1.4608695652173909,0.038477168112851956,0.20691609977324266,7.225178658155832,15.053333333333335,1.5196217880527154,4.493695590202399,2.6659890376743203,2.6879999999999997,1.0,1,0.5,1,7.4,1,7.4,9,160,23,26,1,7.4,33,3,-0.3709090909090909,-0.3333333333333333
48,-2.868721461187217,5.240165631469981,-2.7564805057955795,1.4608695652173909,0.038477168112851956,0.20691609977324266,7.225178658155832,15.053333333333335,1.5196217880527154,4.493695590202399,2.6659890376743203,2.6879999999999997,1.0,1,0.5,1,7.5,9,7.5,2,160,23,26,1,7.5,34,3,-0.3709090909090909,-0.3333333333333333
49,-2.868721461187217,5.240165631469981,-2.7564805057955795,1.4608695652173909,0.038477168112851956,0.20691609977324266,7.225178658155832,15.053333333333335,1.5196217880527154,4.493695590202399,2.6659890376743203,2.6879999999999997,1.0,1,0.5,1,7.6,2,7.6,13,160,23,26,1,7.6,38,3,-0.3709090909090909,-0.3333333333333333
50,-2.868721461187217,5.240165631469981,-2.7564805057955795,1.4608695652173909,0.038477168112851956,0.20691609977324266,7.225178658155832,15.053333333333335,1.5196217880527154,4.493695590202399,2.6659890376743203,2.6879999999999997,1.0,1,0.5,1,8.1,13,8.1,2,160,23,26,1,8.1,38,3,-0.3709090909090909,-0.3333333333333333
51,-2.868721461187217,5.240165631469981,-2.7564805057955795,1.4608695652173909,0.038477168112851956,0.20691609977324266,7.225178658155832,15.053333333333335,1.5196217880527154,4.493695590202399,2.6659890376743203,2.6879999999999997,1.0,1,0.5,1,8.2,13,8.2,3,160,23,26,1,8.2,39,3,-0.3709090909090909,-0.3333333333333333
52,-2.868721461187217,5.240165631469981,-2.7564805057955795,1.4608695652173909,0.038477168112851956,0.20691609977324266,7.225178658155832,15.053333333333335,1.5196217880527154,4.493695590202399,2.6659890376743203,2.6879999999999997,1.0,1,0.5,1,8.3,3,8.3,13,160,23,26,1,8.3,39,4,-0.3709090909090909,-0.3333333333333333
53,-2.868721461187217,5.240165631469981,-2.7564805057955795,1.4608695652173909,0.038477168112851956,0.20691609977324266,7.225178658155832,15.053333333333335,1.5196217880527154,4.493695590202399,2.6659890376743203,2.6879999999999997,1.0,1,0.5,1,8.4,3,8.4,0,160,23,26,1,8.4,39,4,-0.3709090909090909,-0.3333333333333333
54,-2.868721461187217,5.240165631469981,-2.7564805057955795,1.4608695652173909,0.038477168112851956,0.20691609977324266,7.225178658155832,15.053333333333335,1.5196217880527154,4.493695590202399,2.6659890376743203,2.6879999999999997,1.0,1,0.5,1,8.5,3,8.5,1,160,23,26,1,8.5,40,4,-0.3709090909090909,-0.3333333333333333
55,-2.868721461187217,5.240165631469981,-2.7564805057955795,1.4608695652173909,0.038477168112851956,0.20691609977324266,7.225178658155832,15.053333333333335,1.5196217880527154,4.493695590202399,2.6659890376743203,2.6879999999999997,1.0,1,0.5,1,8.6,1,8.6,5,160,23,26,1,8.6,42,4,-0.3709090909090909,-0.3333333333333333
56,-2.868721461187217,5.240165631469981,-2.7564805057955795,1.4608695652173909,0.038477168112851956,0.20691609977324266,7.225178658155832,15.053333333333335,1.5196217880527154,4.493695590202399,2.6659890376743203,2.6879999999999997,1.0,1,0.5,1,9.1,5,9.1,2,160,23,26,1,9.1,43,4,-0.3709090909090909,-0.3333333333333333
57,-2.868721461187217,5.240165631469981,-2.7564805057955795,1.4608695652173909,0.038477168112851956,0.20691609977324266,7.225178658155832,15.053333333333335,1.5196217880527154,4.493695590202399,2.6659890376743203,2.6879999999999997,1.0,1,0.5,1,9.2,2,9.2,5,160,23,26,1,9.2,43,4,-0.3709090909090909,-0.3333333333333333
58,-2.868721461187217,5.240165631469981,-2.7564805057955795,1.4608695652173909,0.038477168112851956,0.20691609977324266,7.225178658155832,15.053333333333335,1.5196217880527154,4.493695590202399,2.6659890376743203,2.6879999999999997,1.0,1,0.5,1,9.3,2,9.3,8,160,23,26,1,9.3,46,4,-0.3709090909090909,-0.3333333333333333
59,-2.868721461187217,5.240165631469981,-2.7564805057955795,1.4608695652173909,0.038477168112851956,0.20691609977324266,7.225178658155832,15.053333333333335,1.5196217880527154,4.493695590202399,2.6659890376743203,2.6879999999999997,1.0,1,0.5,1,9.4,8,9.4,3,160,23,26,1,9.4,47,4,-0.3709090909090909,-0.3333333333333333
60,-2.868721461187217,5.240165631469981,-2.7564805057955795,1.4608695652173909,0.038477168112851956,0.20691609977324266,7.225178658155832,15.053333333333335,1.5196217880527154,4.493695590202399,2.6659890376743203,2.6879999999999997,1.0,1,0.5,1,9.5,3,9.5,9,160,23,26,1,9.5,48,4,-0.3709090909090909,-0.3333333333333333
61,-2.868721461187217,5.240165631469981,-2.7564805057955795,1.4608695652173909,0.038477168112851956,0.20691609977324266,7.225178658155832,15.053333333333335,1.5196217880527154,4.493695590202399,2.6659890376743203,2.6879999999999997,1.0,1,0.5,1,9.6,9,9.6,3,160,23,26,1,9.6,48,4,-0.3709090909090909,-0.3333333333333333
62,-2.868721461187217,5.240165631469981,-2.7564805057955795,1.4608695652173909,0.038477168112851956,0.20691609977324266,7.225178658155832,15.053333333333335,1.5196217880527154,4.493695590202399,2.6659890376743203,2.6879999999999997,1.0,1,0.5,1,10.1,3,10.1,13,160,23,26,1,10.1,52,4,-0.3709090909090909,-0.3333333333333333
63,-2.868721461187217,5.240165631469981,-2.7564805057955795,1.4608695652173909,0.038477168112851956,0.20691609977324266,7.225178658155832,15.053333333333335,1.5196217880527154,4.493695590202399,2.6659890376743203,2.6879999999999997,1.0,1,0.5,1,10.2,3,10.2,14,160,23,26,1,10.2,53,4,-0.3709090909090909,-0.3333333333333333
64,-2.868721461187217,5.240165631469981,-2.7564805057955795,1.4608695652173909,0.038477168112851956,0.20691609977324266,7.225178658155832,15.053333333333335,1.5196217880527154,4.493695590202399,2.6659890376743203,2.6879999999999997,1.0,1,0.5,1,10.3,14,10.3,4,160,23,26,1,10.3,54,4,-0.3709090909090909,-0.3333333333333333
65,-2.868721461187217,5.240165631469981,-2.7564805057955795,1.4608695652173909,0.038477168112851956,0.20691609977324266,7.225178658155832,15.053333333333335,1.5196217880527154,4.493695590202399,2.6659890376743203,2.6879999999999997,1.0,1,0.5,1,10.4,4,10.4,16,160,23,26,1,10.4,56,4,-0.3709090909090909,-0.3333333333333333
66,-2.868721461187217,5.240165631469981,-2.7564805057955795,1.4608695652173909,0.038477168112851956,0.20691609977324266,7.225178658155832,15.053333333333335,1.5196217880527154,4.493695590202399,2.6659890376743203,2.6879999999999997,1.0,1,0.5,1,10.5,4,10.5,17,160,23,26,1,10.5,57,4,-0.3709090909090909,-0.3333333333333333
67,-2.868721461187217,5.240165631469981,-2.7564805057955795,1.4608695652173909,0.038477168112851956,0.20691609977324266,7.225178658155832,15.053333333333335,1.5196217880527154,4.493695590202399,2.6659890376743203,2.6879999999999997,1.0,1,0.5,1,10.6,17,10.6,5,160,23,26,1,10.6,58,4,-0.3709090909090909,-0.3333333333333333
68,-2.868721461187217,5.240165631469981,-2.7564805057955795,1.4608695652173909,0.038477168112851956,0.20691609977324266,7.225178658155832,15.053333333333335,1.5196217880527154,4.493695590202399,2.6659890376743203,2.6879999999999997,1.0,1,0.5,1,11.1,17,11.1,5,160,23,26,1,11.1,58,4,-0.3709090909090909,-0.3333333333333333
69,-2.868721461187217,5.240165631469981,-2.7564805057955795,1.4608695652173909,0.038477168112851956,0.20691609977324266,7.225178658155832,15.053333333333335,1.5196217880527154,4.493695590202399,2.6659890376743203,2.6879999999999997,1.0,1,0.5,1,11.2,17,11.2,7,160,23,26,1,11.2,60,4,-0.3709090909090909,-0.3333333333333333
70,-2.868721461187217,5.240165631469981,-2.7564805057955795,1.4608695652173909,0.038477168112851956,0.20691609977324266,7.225178658155832,15.053333333333335,1.5196217880527154,4.493695590202399,2.6659890376743203,2.6879999999999997,1.0,1,0.5,1,11.3,17,11.3,7,160,23,26,1,11.3,60,4,-0.3709090909090909,-0.3333333333333333
71,-2.868721461187217,5.240165631469981,-2.7564805057955795,1.4608695652173909,0.038477168112851956,0.20691609977324266,7.225178658155832,15.053333333333335,1.5196217880527154,4.493695590202399,2.6659890376743203,2.6879999999999997,1.0,1,0.5,1,11.4,17,11.4,8,160,23,26,1,11.4,61,4,-0.3709090909090909,-0.3333333333333333
72,-2.868721461187217,5.240165631469981,-2.7564805057955795,1.4608695652173909,0.038477168112851956,0.20691609977324266,7.225178658155832,15.053333333333335,1.5196217880527154,4.493695590202399,2.6659890376743203,2.6879999999999997,1.0,1,0.5,1,11.5,8,11.5,19,160,23,26,1,11.5,63,4,-0.3709090909090909,-0.3333333333333333
73,-2.868721461187217,5.240165631469981,-2.7564805057955795,1.4608695652173909,0.038477168112851956,0.20691609977324266,7.225178658155832,15.053333333333335,1.5196217880527154,4.493695590202399,2.6659890376743203,2.6879999999999997,1.0,1,0.5,1,11.6,8,11.6,20,160,23,26,1,11.6,64,4,-0.3709090909090909,-0.3333333333333333
74,-2.868721461187217,5.240165631469981,-2.7564805057955795,1.4608695652173909,0.038477168112851956,0.20691609977324266,7.225178658155832,15.053333333333335,1.5196217880527154,4.493695590202399,2.6659890376743203,2.6879999999999997,1.0,1,0.5,1,12.1,8,12.1,20,160,23,26,1,12.1,64,4,-0.3709090909090909,-0.3333333333333333
75,-2.868721461187217,5.240165631469981,-2.7564805057955795,1.4608695652173909,0.038477168112851956,0.20691609977324266,7.225178658155832,15.053333333333335,1.5196217880527154,4.493695590202399,2.6659890376743203,2.6879999999999997,1.0,1,0.5,1,12.2,8,12.2,21,160,23,26,1,12.2,65,4,-0.3709090909090909,-0.3333333333333333
76,-2.868721461187217,5.240165631469981,-2.7564805057955795,1.4608695652173909,0.038477168112851956,0.20691609977324266,7.225178658155832,15.053333333333335,1.5196217880527154,4.493695590202399,2.6659890376743203,2.6879999999999997,1.0,1,0.5,1,12.3,21,12.3,14,160,23,26,1,12.3,71,4,-0.3709090909090909,-0.3333333333333333
77,-2.868721461187217,5.240165631469981,-2.7564805057955795,1.4608695652173909,0.038477168112851956,0.20691609977324266,7.225178658155832,15.053333333333335,1.5196217880527154,4.493695590202399,2.6659890376743203,2.6879999999999997,1.0,1,0.5,1,12.4,21,12.4,15,160,23,26,1,12.4,72,4,-0.3709090909090909,-0.3333333333333333
78,-2.868721461187217,5.240165631469981,-2.7564805057955795,1.4608695652173909,0.038477168112851956,0.20691609977324266,7.225178658155832,15.053333333333335,1.5196217880527154,4.493695590202399,2.6659890376743203,2.6879999999999997,1.0,1,0.5,1,12.5,15,12.5,21,160,23,26,1,12.5,72,4,-0.3709090909090909,-0.3333333333333333
79,-2.868721461187217,5.240165631469981,-2.7564805057955795,1.4608695652173909,0.038477168112851956,0.20691609977324266,7.225178658155832,15.053333333333335,1.5196217880527154,4.493695590202399,2.6659890376743203,2.6879999999999997,1.0,1,0.5,1,12.6,15,12.6,22,160,23,26,1,12.6,73,4,-0.3709090909090909,-0.3333333333333333
80,-2.868721461187217,5.240165631469981,-2.7564805057955795,1.4608695652173909,0.038477168112851956,0.20691609977324266,7.225178658155832,15.053333333333335,1.5196217880527154,4.493695590202399,2.6659890376743203,2.6879999999999997,1.0,1,0.5,1,13.1,15,13.1,22,160,23,26,1,13.1,73,4,-0.3709090909090909,-0.3333333333333333
81,-2.868721461187217,5.240165631469981,-2.7564805057955795,1.4608695652173909,0.038477168112851956,0.20691609977324266,7.225178658155832,15.053333333333335,1.5196217880527154,4.493695590202399,2.6659890376743203,2.6879999999999997,1.0,1,0.5,1,13.2,15,13.2,24,160,23,26,1,13.2,75,4,-0.3709090909090909,-0.3333333333333333
82,-2.868721461187217,5.240165631469981,-2.7564805057955795,1.4608695652173909,0.038477168112851956,0.20691609977324266,7.225178658155832,15.053333333333335,1.5196217880527154,4.493695590202399,2.6659890376743203,2.6879999999999997,1.0,1,0.5,1,13.3,15,13.3,25,160,23,26,1,13.3,76,4,-0.3709090909090909,-0.3333333333333333
83,-2.868721461187217,5.240165631469981,-2.7564805057955795,1.4608695652173909,0.038477168112851956,0.20691609977324266,7.225178658155832,15.053333333333335,1.5196217880527154,4.493695590202399,2.6659890376743203,2.6879999999999997,1.0,1,0.5,1,13.4,25,13.4,16,160,23,26,1,13.4,77,4,-0.3709090909090909,-0.3333333333333333
84,-2.868721461187217,5.240165631469981,-2.7564805057955795,1.4608695652173909,0.038477168112851956,0.20691609977324266,7.225178658155832,15.053333333333335,1.5196217880527154,4.493695590202399,2.6659890376743203,2.6879999999999997,1.0,1,0.5,1,13.5,16,13.5,29,160,23,26,1,13.5,81,4,-0.3709090909090909,-0.3333333333333333
85,-2.868721461187217,5.240165631469981,-2.7564805057955795,1.4608695652173909,0.038477168112851956,0.20691609977324266,7.225178658155832,15.053333333333335,1.5196217880527154,4.493695590202399,2.6659890376743203,2.6879999999999997,1.0,1,0.5,1,13.6,16,13.6,33,160,23,26,1,13.6,85,4,-0.3709090909090909,-0.3333333333333333
86,-2.868721461187217,5.240165631469981,-2.7564805057955795,1.4608695652173909,0.038477168112851956,0.20691609977324266,7.225178658155832,15.053333333333335,1.5196217880527154,4.493695590202399,2.6659890376743203,2.6879999999999997,1.0,1,0.5,1,14.1,33,14.1,17,160,23,26,1,14.1,86,4,-0.3709090909090909,-0.3333333333333333
87,-2.868721461187217,5.240165631469981,-2.7564805057955795,1.4608695652173909,0.038477168112851956,0.20691609977324266,7.225178658155832,15.053333333333335,1.5196217880527154,4.493695590202399,2.6659890376743203,2.6879999999999997,1.0,1,0.5,1,14.2,17,14.2,33,160,23,26,1,14.2,86,5,-0.3709090909090909,-0.3333333333333333
88,-2.868721461187217,5.240165631469981,-2.7564805057955795,1.4608695652173909,0.038477168112851956,0.20691609977324266,7.225178658155832,15.053333333333335,1.5196217880527154,4.493695590202399,2.6659890376743203,2.6879999999999997,1.0,1,0.5,1,14.3,17,14.3,1,160,23,26,1,14.3,87,5,-0.3709090909090909,-0.3333333333333333
89,-2.868721461187217,5.240165631469981,-2.7564805057955795,1.4608695652173909,0.038477168112851956,0.20691609977324266,7.225178658155832,15.053333333333335,1.5196217880527154,4.493695590202399,2.6659890376743203,2.6879999999999997,1.0,1,0.5,1,14.4,1,14.4,18,160,23,26,1,14.4,88,5,-0.3709090909090909,-0.3333333333333333
90,-2.868721461187217,5.240165631469981,-2.7564805057955795,1.4608695652173909,0.038477168112851956,0.20691609977324266,7.225178658155832,15.053333333333335,1.5196217880527154,4.493695590202399,2.6659890376743203,2.6879999999999997,1.0,1,0.5,1,14.5,18,14.5,1,160,23,26,1,14.5,88,5,-0.3709090909090909,-0.3333333333333333
91,-2.868721461187217,5.240165631469981,-2.7564805057955795,1.4608695652173909,0.038477168112851956,0.20691609977324266,7.225178658155832,15.053333333333335,1.5196217880527154,4.493695590202399,2.6659890376743203,2.6879999999999997,1.0,1,0.5,1,14.6,18,14.6,2,160,23,26,1,14.6,89,5,-0.3709090909090909,-0.3333333333333333
92,-2.868721461187217,5.240165631469981,-2.7564805057955795,1.4608695652173909,0.038477168112851956,0.20691609977324266,7.225178658155832,15.053333333333335,1.5196217880527154,4.493695590202399,2.6659890376743203,2.6879999999999997,1.0,1,0.5,1,15.1,18,15.1,3,160,23,26,1,15.1,90,5,-0.3709090909090909,-0.3333333333333333
93,-2.868721461187217,5.240165631469981,-2.7564805057955795,1.4608695652173909,0.038477168112851956,0.20691609977324266,7.225178658155832,15.053333333333335,1.5196217880527154,4.493695590202399,2.6659890376743203,2.6879999999999997,1.0,1,0.5,1,15.2,3,15.2,18,160,23,26,1,15.2,90,5,-0.3709090909090909,-0.3333333333333333
94,-2.868721461187217,5.240165631469981,-2.7564805057955795,1.4608695652173909,0.038477168112851956,0.20691609977324266,7.225178658155832,15.053333333333335,1.5196217880527154,4.493695590202399,2.6659890376743203,2.6879999999999997,1.0,1,0.5,1,15.3,3,15.3,19,160,23,26,1,15.3,91,5,-0.3709090909090909,-0.3333333333333333
95,-2.868721461187217,5.240165631469981,-2.7564805057955795,1.4608695652173909,0.038477168112851956,0.20691609977324266,7.225178658155832,15.053333333333335,1.5196217880527154,4.493695590202399,2.6659890376743203,2.6879999999999997,1.0,1,0.5,1,15.4,19,15.4,3,160,23,26,1,15.4,91,5,-0.3709090909090909,-0.3333333333333333
96,-2.868721461187217,5.240165631469981,-2.7564805057955795,1.4608695652173909,0.038477168112851956,0.20691609977324266,7.225178658155832,15.053333333333335,1.5196217880527154,4.493695590202399,2.6659890376743203,2.6879999999999997,1.0,1,0.5,1,15.5,19,15.5,9,160,23,26,1,15.5,97,5,-0.3709090909090909,-0.3333333333333333
97,-2.868721461187217,5.240165631469981,-2.7564805057955795,1.4608695652173909,0.038477168112851956,0.20691609977324266,7.225178658155832,15.053333333333335,1.5196217880527154,4.493695590202399,2.6659890376743203,2.6879999999999997,1.0,1,0.5,1,15.6,19,15.6,11,160,23,26,1,15.6,99,5,-0.3709090909090909,-0.3333333333333333
98,-2.868721461187217,5.240165631469981,-2.7564805057955795,1.4608695652173909,0.038477168112851956,0.20691609977324266,7.225178658155832,15.053333333333335,1.5196217880527154,4.493695590202399,2.6659890376743203,2.6879999999999997,1.0,1,0.5,1,16.1,11,16.1,20,160,23,26,1,16.1,100,5,-0.3709090909090909,-0.3333333333333333
99,-2.868721461187217,5.240165631469981,-2.7564805057955795,1.4608695652173909,0.038477168112851956,0.20691609977324266,7.225178658155832,15.053333333333335,1.5196217880527154,4.493695590202399,2.6659890376743203,2.6879999999999997,1.0,1,0.5,1,16.2,20,16.2,11,160,23,26,1,16.2,100,5,-0.3709090909090909,-0.3333333333333333
100,-2.868721461187217,5.240165631469981,-2.7564805057955795,1.4608695652173909,0.038477168112851956,0.20691609977324266,7.225178658155832,15.053333333333335,1.5196217880527154,4.493695590202399,2.6659890376743203,2.6879999999999997,1.0,1,0.5,1,16.3,20,16.3,12,160,23,26,1,16.3,101,5,-0.3709090909090909,-0.3333333333333333
101,-2.868721461187217,5.240165631469981,-2.7564805057955795,1.4608695652173909,0.038477168112851956,0.20691609977324266,7.225178658155832,15.053333333333335,1.5196217880527154,4.493695590202399,2.6659890376743203,2.6879999999999997,1.0,1,0.5,1,16.4,12,16.4,21,160,23,26,1,16.4,102,5,-0.3709090909090909,-0.3333333333333333
102,-2.868721461187217,5.240165631469981,-2.7564805057955795,1.4608695652173909,0.038477168112851956,0.20691609977324266,7.225178658155832,15.053333333333335,1.5196217880527154,4.493695590202399,2.6659890376743203,2.6879999999999997,1.0,1,0.5,1,16.5,21,16.5,13,160,23,26,1,16.5,103,5,-0.3709090909090909,-0.3333333333333333
103,-2.868721461187217,5.240165631469981,-2.7564805057955795,1.4608695652173909,0.038477168112851956,0.20691609977324266,7.225178658155832,15.053333333333335,1.5196217880527154,4.493695590202399,2.6659890376743203,2.6879999999999997,1.0,1,0.5,1,16.6,13,16.6,22,160,23,26,1,16.6,104,5,-0.3709090909090909,-0.3333333333333333
104,-2.868721461187217,5.240165631469981,-2.7564805057955795,1.4608695652173909,0.038477168112851956,0.20691609977324266,7.225178658155832,15.053333333333335,1.5196217880527154,4.493695590202399,2.6659890376743203,2.6879999999999997,1.0,1,0.5,1,17.1,13,17.1,23,160,23,26,1,17.1,105,5,-0.3709090909090909,-0.3333333333333333
105,-2.868721461187217,5.240165631469981,-2.7564805057955795,1.4608695652173909,0.038477168112851956,0.20691609977324266,7.225178658155832,15.053333333333335,1.5196217880527154,4.493695590202399,2.6659890376743203,2.6879999999999997,1.0,1,0.5,1,17.2,23,17.2,14,160,23,26,1,17.2,106,5,-0.3709090909090909,-0.3333333333333333
106,-2.868721461187217,5.240165631469981,-2.7564805057955795,1.4608695652173909,0.038477168112851956,0.20691609977324266,7.225178658155832,15.053333333333335,1.5196217880527154,4.493695590202399,2.6659890376743203,2.6879999999999997,1.0,1,0.5,1,17.3,14,17.3,23,160,23,26,1,17.3,106,6,-0.3709090909090909,-0.3333333333333333
107,-2.868721461187217,5.240165631469981,-2.7564805057955795,1.4608695652173909,0.038477168112851956,0.20691609977324266,7.225178658155832,15.053333333333335,1.5196217880527154,4.493695590202399,2.6659890376743203,2.6879999999999997,1.0,1,0.5,1,17.4,14,17.4,0,160,23,26,1,17.4,106,6,-0.3709090909090909,-0.3333333333333333
108,-2.868721461187217,5.240165631469981,-2.7564805057955795,1.4608695652173909,0.038477168112851956,0.20691609977324266,7.225178658155832,15.053333333333335,1.5196217880527154,4.493695590202399,2.6659890376743203,2.6879999999999997,1.0,1,0.5,1,17.5,14,17.5,1,160,23,26,1,17.5,107,6,-0.3709090909090909,-0.3333333333333333
109,-2.868721461187217,5.240165631469981,-2.7564805057955795,1.4608695652173909,0.038477168112851956,0.20691609977324266,7.225178658155832,15.053333333333335,1.5196217880527154,4.493695590202399,2.6659890376743203,2.6879999999999997,1.0,1,0.5,1,17.6,1,17.6,18,160,23,26,1,17.6,111,6,-0.3709090909090909,-0.3333333333333333
110,-2.868721461187217,5.240165631469981,-2.7564805057955795,1.4608695652173909,0.038477168112851956,0.20691609977324266,7.225178658155832,15.053333333333335,1.5196217880527154,4.493695590202399,2.6659890376743203,2.6879999999999997,1.0,1,0.5,1,18.1,18,18.1,5,160,23,26,1,18.1,115,6,-0.3709090909090909,-0.3333333333333333
111,-2.868721461187217,5.240165631469981,-2.7564805057955795,1.4608695652173909,0.038477168112851956,0.20691609977324266,7.225178658155832,15.053333333333335,1.5196217880527154,4.493695590202399,2.6659890376743203,2.6879999999999997,1.0,1,0.5,1,18.2,18,18.2,5,160,23,26,1,18.2,115,6,-0.3709090909090909,-0.3333333333333333
112,-2.868721461187217,5.240165631469981,-2.7564805057955795,1.4608695652173909,0.038477168112851956,0.20691609977324266,7.225178658155832,15.053333333333335,1.5196217880527154,4.493695590202399,2.6659890376743203,2.6879999999999997,1.0,1,0.5,1,18.3,18,18.3,5,160,23,26,1,18.3,115,7,-0.3709090909090909,-0.3333333333333333
113,-2.868721461187217,5.240165631469981,-2.7564805057955795,1.4608695652173909,0.038477168112851956,0.20691609977324266,7.225178658155832,15.053333333333335,1.5196217880527154,4.493695590202399,2.6659890376743203,2.6879999999999997,1.0,1,0.5,1,18.4,0,18.4,20,160,23,26,1,18.4,117,7,-0.3709090909090909,-0.3333333333333333
114,-2.868721461187217,5.240165631469981,-2.7564805057955795,1.4608695652173909,0.038477168112851956,0.20691609977324266,7.225178658155832,15.053333333333335,1.5196217880527154,4.493695590202399,2.6659890376743203,2.6879999999999997,1.0,1,0.5,1,18.5,0,18.5,22,160,23,26,1,18.5,119,7,-0.3709090909090909,-0.3333333333333333
115,-2.868721461187217,5.240165631469981,-2.7564805057955795,1.4608695652173909,0.038477168112851956,0.20691609977324266,7.225178658155832,15.053333333333335,1.5196217880527154,4.493695590202399,2.6659890376743203,2.6879999999999997,1.0,1,0.5,1,18.6,0,18.6,22,160,23,26,1,18.6,119,8,-0.3709090909090909,-0.3333333333333333
116,-2.868721461187217,5.240165631469981,-2.7564805057955795,1.4608695652173909,0.038477168112851956,0.20691609977324266,7.225178658155832,15.053333333333335,1.5196217880527154,4.493695590202399,2.6659890376743203,2.6879999999999997,1.0,1,0.5,1,19.1,0,19.1,0,160,23,26,1,19.1,119,8,-0.3709090909090909,-0.3333333333333333
117,-2.868721461187217,5.240165631469981,-2.7564805057955795,1.4608695652173909,0.038477168112851956,0.20691609977324266,7.225178658155832,15.053333333333335,1.5196217880527154,4.493695590202399,2.6659890376743203,2.6879999999999997,1.0,1,0.5,1,19.2,0,19.2,4,160,23,26,1,19.2,123,8,-0.3709090909090909,-0.3333333333333333
118,-2.868721461187217,5.240165631469981,-2.7564805057955795,1.4608695652173909,0.038477168112851956,0.20691609977324266,7.225178658155832,15.053333333333335,1.5196217880527154,4.493695590202399,2.6659890376743203,2.6879999999999997,1.0,1,0.5,1,19.3,0,19.3,5,160,23,26,1,19.3,124,8,-0.3709090909090909,-0.3333333333333333
119,-2.868721461187217,5.240165631469981,-2.7564805057955795,1.4608695652173909,0.038477168112851956,0.20691609977324266,7.225178658155832,15.053333333333335,1.5196217880527154,4.493695590202399,2.6659890376743203,2.6879999999999997,1.0,1,0.5,1,19.4,5,19.4,0,160,23,26,1,19.4,124,8,-0.3709090909090909,-0.3333333333333333
120,-2.868721461187217,5.240165631469981,-2.7564805057955795,1.4608695652173909,0.038477168112851956,0.20691609977324266,7.225178658155832,15.053333333333335,1.5196217880527154,4.493695590202399,2.6659890376743203,2.6879999999999997,1.0,1,0.5,1,19.5,5,19.5,1,160,23,26,1,19.5,125,8,-0.3709090909090909,-0.3333333333333333
121,-2.868721461187217,5.240165631469981,-2.7564805057955795,1.4608695652173909,0.038477168112851956,0.20691609977324266,7.225178658155832,15.053333333333335,1.5196217880527154,4.493695590202399,2.6659890376743203,2.6879999999999997,1.0,1,0.5,1,19.6,1,19.6,9,160,23,26,1,19.6,129,8,-0.3709090909090909,-0.3333333333333333
122,-2.868721461187217,5.240165631469981,-2.7564805057955795,1.4608695652173909,0.038477168112851956,0.20691609977324266,7.225178658155832,15.053333333333335,1.5196217880527154,4.493695590202399,2.6659890376743203,2.6879999999999997,1.0,1,0.5,2,0.1,0,0.1,0,129,23,26,1,0.1,0,0,-0.3709090909090909,-0.3333333333333333
123,-2.868721461187217,5.240165631469981,-2.7564805057955795,1.4608695652173909,0.038477168112851956,0.20691609977324266,7.225178658155832,15.053333333333335,1.5196217880527154,4.493695590202399,2.6659890376743203,2.6879999999999997,1.0,1,0.5,2,0.2,0,0.2,2,129,23,26,1,0.2,2,0,-0.3709090909090909,-0.3333333333333333
124,-2.868721461187217,5.240165631469981,-2.7564805057955795,1.4608695652173909,0.038477168112851956,0.20691609977324266,7.225178658155832,15.053333333333335,1.5196217880527154,4.493695590202399,2.6659890376743203,2.6879999999999997,1.0,1,0.5,2,0.3,0,0.3,2,129,23,26,1,0.3,2,0,-0.3709090909090909,-0.3333333333333333
125,-2.868721461187217,5.240165631469981,-2.7564805057955795,1.4608695652173909,0.038477168112851956,0.20691609977324266,7.225178658155832,15.053333333333335,1.5196217880527154,4.493695590202399,2.6659890376743203,2.6879999999999997,1.0,1,0.5,2,0.4,0,0.4,2,129,23,26,1,0.4,2,0,-0.3709090909090909,-0.3333333333333333
126,-2.868721461187217,5.240165631469981,-2.7564805057955795,1.4608695652173909,0.038477168112851956,0.20691609977324266,7.225178658155832,15.053333333333335,1.5196217880527154,4.493695590202399,2.6659890376743203,2.6879999999999997,1.0,1,0.5,2,0.5,0,0.5,3,129,23,26,1,0.5,3,0,-0.3709090909090909,-0.3333333333333333
127,-2.868721461187217,5.240165631469981,-2.7564805057955795,1.4608695652173909,0.038477168112851956,0.20691609977324266,7.225178658155832,15.053333333333335,1.5196217880527154,4.493695590202399,2.6659890376743203,2.6879999999999997,1.0,1,0.5,2,0.6,3,0.6,0,129,23,26,1,0.6,3,0,-0.3709090909090909,-0.3333333333333333
128,-2.868721461187217,5.240165631469981,-2.7564805057955795,1.4608695652173909,0.038477168112851956,0.20691609977324266,7.225178658155832,15.053333333333335,1.5196217880527154,4.493695590202399,2.6659890376743203,2.6879999999999997,1.0,1,0.5,2,1.1,0,1.1,3,129,23,26,1,1.1,4,0,-0.3709090909090909,-0.3333333333333333
129,-2.868721461187217,5.240165631469981,-2.7564805057955795,1.4608695652173909,0.038477168112851956,0.20691609977324266,7.225178658155832,15.053333333333335,1.5196217880527154,4.493695590202399,2.6659890376743203,2.6879999999999997,1.0,1,0.5,2,1.2,3,1.2,1,129,23,26,1,1.2,5,0,-0.3709090909090909,-0.3333333333333333
130,-2.868721461187217,5.240165631469981,-2.7564805057955795,1.4608695652173909,0.038477168112851956,0.20691609977324266,7.225178658155832,15.053333333333335,1.5196217880527154,4.493695590202399,2.6659890376743203,2.6879999999999997,1.0,1,0.5,2,1.3,1,1.3,3,129,23,26,1,1.3,6,0,-0.3709090909090909,-0.3333333333333333
131,-2.868721461187217,5.240165631469981,-2.7564805057955795,1.4608695652173909,0.038477168112851956,0.20691609977324266,7.225178658155832,15.053333333333335,1.5196217880527154,4.493695590202399,2.6659890376743203,2.6879999999999997,1.0,1,0.5,2,1.4,1,1.4,3,129,23,26,1,1.4,6,0,-0.3709090909090909,-0.3333333333333333
132,-2.868721461187217,5.240165631469981,-2.7564805057955795,1.4608695652173909,0.038477168112851956,0.20691609977324266,7.225178658155832,15.053333333333335,1.5196217880527154,4.493695590202399,2.6659890376743203,2.6879999999999997,1.0,1,0.5,2,1.5,1,1.5,4,129,23,26,1,1.5,7,0,-0.3709090909090909,-0.3333333333333333
133,-2.868721461187217,5.240165631469981,-2.7564805057955795,1.4608695652173909,0.038477168112851956,0.20691609977324266,7.225178658155832,15.053333333333335,1.5196217880527154,4.493695590202399,2.6659890376743203,2.6879999999999997,1.0,1,0.5,2,1.6,4,1.6,1,129,23,26,1,1.6,7,1,-0.3709090909090909,-0.3333333333333333
134,-2.868721461187217,5.240165631469981,-2.7564805057955795,1.4608695652173909,0.038477168112851956,0.20691609977324266,7.225178658155832,15.053333333333335,1.5196217880527154,4.493695590202399,2.6659890376743203,2.6879999999999997,1.0,1,0.5,2,1.7,4,1.7,0,129,23,26,1,1.7,8,1,-0.3709090909090909,-0.3333333333333333
135,-2.868721461187217,5.240165631469981,-2.7564805057955795,1.4608695652173909,0.038477168112851956,0.20691609977324266,7.225178658155832,15.053333333333335,1.5196217880527154,4.493695590202399,2.6659890376743203,2.6879999999999997,1.0,1,0.5,2,1.8,4,1.8,1,129,23,26,1,1.8,9,1,-0.3709090909090909,-0.3333333333333333
136,-2.868721461187217,5.240165631469981,-2.7564805057955795,1.4608695652173909,0.038477168112851956,0.20691609977324266,7.225178658155832,15.053333333333335,1.5196217880527154,4.493695590202399,2.6659890376743203,2.6879999999999997,1.0,1,0.5,2,2.1,4,2.1,1,129,23,26,1,2.1,9,1,-0.3709090909090909,-0.3333333333333333
137,-2.868721461187217,5.240165631469981,-2.7564805057955795,1.4608695652173909,0.038477168112851956,0.20691609977324266,7.225178658155832,15.053333333333335,1.5196217880527154,4.493695590202399,2.6659890376743203,2.6879999999999997,1.0,1,0.5,2,2.2,4,2.2,2,129,23,26,1,2.2,10,1,-0.3709090909090909,-0.3333333333333333
138,-2.868721461187217,5.240165631469981,-2.7564805057955795,1.4608695652173909,0.038477168112851956,0.20691609977324266,7.225178658155832,15.053333333333335,1.5196217880527154,4.493695590202399,2.6659890376743203,2.6879999999999997,1.0,1,0.5,2,2.3,2,2.3,4,129,23,26,1,2.3,10,1,-0.3709090909090909,-0.3333333333333333
139,-2.868721461187217,5.240165631469981,-2.7564805057955795,1.4608695652173909,0.038477168112851956,0.20691609977324266,7.225178658155832,15.053333333333335,1.5196217880527154,4.493695590202399,2.6659890376743203,2.6879999999999997,1.0,1,0.5,2,2.4,2,2.4,4,129,23,26,1,2.4,10,2,-0.3709090909090909,-0.3333333333333333
140,-2.868721461187217,5.240165631469981,-2.7564805057955795,1.4608695652173909,0.038477168112851956,0.20691609977324266,7.225178658155832,15.053333333333335,1.5196217880527154,4.493695590202399,2.6659890376743203,2.6879999999999997,1.0,1,0.5,2,2.5,2,2.5,0,129,23,26,1,2.5,10,2,-0.3709090909090909,-0.3333333333333333
141,-2.868721461187217,5.240165631469981,-2.7564805057955795,1.4608695652173909,0.038477168112851956,0.20691609977324266,7.225178658155832,15.053333333333335,1.5196217880527154,4.493695590202399,2.6659890376743203,2.6879999999999997,1.0,1,0.5,2,2.6,2,2.6,0,129,23,26,1,2.6,10,2,-0.3709090909090909,-0.3333333333333333
142,-2.868721461187217,5.240165631469981,-2.7564805057955795,1.4608695652173909,0.038477168112851956,0.20691609977324266,7.225178658155832,15.053333333333335,1.5196217880527154,4.493695590202399,2.6659890376743203,2.6879999999999997,1.0,1,0.5,2,3.1,0,3.1,2,129,23,26,1,3.1,10,2,-0.3709090909090909,-0.3333333333333333
143,-2.868721461187217,5.240165631469981,-2.7564805057955795,1.4608695652173909,0.038477168112851956,0.20691609977324266,7.225178658155832,15.053333333333335,1.5196217880527154,4.493695590202399,2.6659890376743203,2.6879999999999997,1.0,1,0.5,2,3.2,0,3.2,2,129,23,26,1,3.2,10,2,-0.3709090909090909,-0.3333333333333333
144,-2.868721461187217,5.240165631469981,-2.7564805057955795,1.4608695652173909,0.038477168112851956,0.20691609977324266,7.225178658155832,15.053333333333335,1.5196217880527154,4.493695590202399,2.6659890376743203,2.6879999999999997,1.0,1,0.5,2,3.3,0,3.3,6,129,23,26,1,3.3,14,2,-0.3709090909090909,-0.3333333333333333
145,-2.868721461187217,5.240165631469981,-2.7564805057955795,1.4608695652173909,0.038477168112851956,0.20691609977324266,7.225178658155832,15.053333333333335,1.5196217880527154,4.493695590202399,2.6659890376743203,2.6879999999999997,1.0,1,0.5,2,3.4,0,3.4,7,129,23,26,1,3.4,15,2,-0.3709090909090909,-0.3333333333333333
146,-2.868721461187217,5.240165631469981,-2.7564805057955795,1.4608695652173909,0.038477168112851956,0.20691609977324266,7.225178658155832,15.053333333333335,1.5196217880527154,4.493695590202399,2.6659890376743203,2.6879999999999997,1.0,1,0.5,2,3.5,7,3.5,0,129,23,26,1,3.5,15,2,-0.3709090909090909,-0.3333333333333333
147,-2.868721461187217,5.240165631469981,-2.7564805057955795,1.4608695652173909,0.038477168112851956,0.20691609977324266,7.225178658155832,15.053333333333335,1.5196217880527154,4.493695590202399,2.6659890376743203,2.6879999999999997,1.0,1,0.5,2,3.6,7,3.6,0,129,23,26,1,3.6,15,2,-0.3709090909090909,-0.3333333333333333
148,-2.868721461187217,5.240165631469981,-2.7564805057955795,1.4608695652173909,0.038477168112851956,0.20691609977324266,7.225178658155832,15.053333333333335,1.5196217880527154,4.493695590202399,2.6659890376743203,2.6879999999999997,1.0,1,0.5,2,4.1,0,4.1,9,129,23,26,1,4.1,17,2,-0.3709090909090909,-0.3333333333333333
149,-2.868721461187217,5.240165631469981,-2.7564805057955795,1.4608695652173909,0.038477168112851956,0.20691609977324266,7.225178658155832,15.053333333333335,1.5196217880527154,4.493695590202399,2.6659890376743203,2.6879999999999997,1.0,1,0.5,2,4.2,0,4.2,10,129,23,26,1,4.2,18,3,-0.3709090909090909,-0.3333333333333333
150,-2.868721461187217,5.240165631469981,-2.7564805057955795,1.4608695652173909,0.038477168112851956,0.20691609977324266,7.225178658155832,15.053333333333335,1.5196217880527154,4.493695590202399,2.6659890376743203,2.6879999999999997,1.0,1,0.5,2,4.3,0,4.3,10,129,23,26,1,4.3,18,3,-0.3709090909090909,-0.3333333333333333
151,-2.868721461187217,5.240165631469981,-2.7564805057955795,1.4608695652173909,0.038477168112851956,0.20691609977324266,7.225178658155832,15.053333333333335,1.5196217880527154,4.493695590202399,2.6659890376743203,2.6879999999999997,1.0,1,0.5,2,4.4,0,4.4,11,129,23,26,1,4.4,19,3,-0.3709090909090909,-0.3333333333333333
152,-2.868721461187217,5.240165631469981,-2.7564805057955795,1.4608695652173909,0.038477168112851956,0.20691609977324266,7.225178658155832,15.053333333333335,1.5196217880527154,4.493695590202399,2.6659890376743203,2.6879999999999997,1.0,1,0.5,2,4.5,11,4.5,0,129,23,26,1,4.5,19,3,-0.3709090909090909,-0.3333333333333333
153,-2.868721461187217,5.240165631469981,-2.7564805057955795,1.4608695652173909,0.038477168112851956,0.20691609977324266,7.225178658155832,15.053333333333335,1.5196217880527154,4.493695590202399,2.6659890376743203,2.6879999999999997,1.0,1,0.5,2,4.6,11,4.6,2,129,23,26,1,4.6,21,3,-0.3709090909090909,-0.3333333333333333
154,-2.868721461187217,5.240165631469981,-2.7564805057955795,1.4608695652173909,0.038477168112851956,0.20691609977324266,7.225178658155832,15.053333333333335,1.5196217880527154,4.493695590202399,2.6659890376743203,2.6879999999999997,1.0,1,0.5,2,5.1,2,5.1,12,129,23,26,1,5.1,22,3,-0.3709090909090909,-0.3333333333333333
155,-2.868721461187217,5.240165631469981,-2.7564805057955795,1.4608695652173909,0.038477168112851956,0.20691609977324266,7.225178658155832,15.053333333333335,1.5196217880527154,4.493695590202399,2.6659890376743203,2.6879999999999997,1.0,1,0.5,2,5.2,12,5.2,2,129,23,26,1,5.2,23,3,-0.3709090909090909,-0.3333333333333333
156,-2.868721461187217,5.240165631469981,-2.7564805057955795,1.4608695652173909,0.038477168112851956,0.20691609977324266,7.225178658155832,15.053333333333335,1.5196217880527154,4.493695590202399,2.6659890376743203,2.6879999999999997,1.0,1,0.5,2,5.3,12,5.3,2,129,23,26,1,5.3,23,3,-0.3709090909090909,-0.3333333333333333
157,-2.868721461187217,5.240165631469981,-2.7564805057955795,1.4608695652173909,0.038477168112851956,0.20691609977324266,7.225178658155832,15.053333333333335,1.5196217880527154,4.493695590202399,2.6659890376743203,2.6879999999999997,1.0,1,0.5,2,5.4,12,5.4,4,129,23,26,1,5.4,25,3,-0.3709090909090909,-0.3333333333333333
158,-2.868721461187217,5.240165631469981,-2.7564805057955795,1.4608695652173909,0.038477168112851956,0.20691609977324266,7.225178658155832,15.053333333333335,1.5196217880527154,4.493695590202399,2.6659890376743203,2.6879999999999997,1.0,1,0.5,2,5.5,12,5.5,4,129,23,26,1,5.5,25,3,-0.3709090909090909,-0.3333333333333333
159,-2.868721461187217,5.240165631469981,-2.7564805057955795,1.4608695652173909,0.038477168112851956,0.20691609977324266,7.225178658155832,15.053333333333335,1.5196217880527154,4.493695590202399,2.6659890376743203,2.6879999999999997,1.0,1,0.5,2,5.6,12,5.6,4,129,23,26,1,5.6,25,3,-0.3709090909090909,-0.3333333333333333
160,-2.868721461187217,5.240165631469981,-2.7564805057955795,1.4608695652173909,0.038477168112851956,0.20691609977324266,7.225178658155832,15.053333333333335,1.5196217880527154,4.493695590202399,2.6659890376743203,2.6879999999999997,1.0,1,0.5,2,5.7,12,5.7,4,129,23,26,1,5.7,25,3,-0.3709090909090909,-0.3333333333333333
161,-2.868721461187217,5.240165631469981,-2.7564805057955795,1.4608695652173909,0.038477168112851956,0.20691609977324266,7.225178658155832,15.053333333333335,1.5196217880527154,4.493695590202399,2.6659890376743203,2.6879999999999997,1.0,1,0.5,2,6.1,4,6.1,13,129,23,26,1,6.1,26,3,-0.3709090909090909,-0.3333333333333333
162,-2.868721461187217,5.240165631469981,-2.7564805057955795,1.4608695652173909,0.038477168112851956,0.20691609977324266,7.225178658155832,15.053333333333335,1.5196217880527154,4.493695590202399,2.6659890376743203,2.6879999999999997,1.0,1,0.5,2,6.2,13,6.2,4,129,23,26,1,6.2,27,3,-0.3709090909090909,-0.3333333333333333
163,-2.868721461187217,5.240165631469981,-2.7564805057955795,1.4608695652173909,0.038477168112851956,0.20691609977324266,7.225178658155832,15.053333333333335,1.5196217880527154,4.493695590202399,2.6659890376743203,2.6879999999999997,1.0,1,0.5,2,6.3,13,6.3,4,129,23,26,1,6.3,30,3,-0.3709090909090909,-0.3333333333333333
164,-2.868721461187217,5.240165631469981,-2.7564805057955795,1.4608695652173909,0.038477168112851956,0.20691609977324266,7.225178658155832,15.053333333333335,1.5196217880527154,4.493695590202399,2.6659890376743203,2.6879999999999997,1.0,1,0.5,2,6.4,13,6.4,4,129,23,26,1,6.4,30,3,-0.3709090909090909,-0.3333333333333333
165,-2.868721461187217,5.240165631469981,-2.7564805057955795,1.4608695652173909,0.038477168112851956,0.20691609977324266,7.225178658155832,15.053333333333335,1.5196217880527154,4.493695590202399,2.6659890376743203,2.6879999999999997,1.0,1,0.5,2,6.5,13,6.5,5,129,23,26,1,6.5,31,3,-0.3709090909090909,-0.3333333333333333
166,-2.868721461187217,5.240165631469981,-2.7564805057955795,1.4608695652173909,0.038477168112851956,0.20691609977324266,7.225178658155832,15.053333333333335,1.5196217880527154,4.493695590202399,2.6659890376743203,2.6879999999999997,1.0,1,0.5,2,6.6,5,6.6,15,129,23,26,1,6.6,33,3,-0.3709090909090909,-0.3333333333333333
167,-2.868721461187217,5.240165631469981,-2.7564805057955795,1.4608695652173909,0.038477168112851956,0.20691609977324266,7.225178658155832,15.053333333333335,1.5196217880527154,4.493695590202399,2.6659890376743203,2.6879999999999997,1.0,1,0.5,2,6.7,5,6.7,19,129,23,26,1,6.7,37,3,-0.3709090909090909,-0.3333333333333333
168,-2.868721461187217,5.240165631469981,-2.7564805057955795,1.4608695652173909,0.038477168112851956,0.20691609977324266,7.225178658155832,15.053333333333335,1.5196217880527154,4.493695590202399,2.6659890376743203,2.6879999999999997,1.0,1,0.5,2,6.8,5,6.8,19,129,23,26,1,6.8,38,3,-0.3709090909090909,-0.3333333333333333
169,-2.868721461187217,5.240165631469981,-2.7564805057955795,1.4608695652173909,0.038477168112851956,0.20691609977324266,7.225178658155832,15.053333333333335,1.5196217880527154,4.493695590202399,2.6659890376743203,2.6879999999999997,1.0,1,0.5,2,6.9,5,6.9,20,129,23,26,1,6.9,39,3,-0.3709090909090909,-0.3333333333333333
170,-2.868721461187217,5.240165631469981,-2.7564805057955795,1.4608695652173909,0.038477168112851956,0.20691609977324266,7.225178658155832,15.053333333333335,1.5196217880527154,4.493695590202399,2.6659890376743203,2.6879999999999997,1.0,1,0.5,2,7.1,5,7.1,21,129,23,26,1,7.1,40,3,-0.3709090909090909,-0.3333333333333333
171,-2.868721461187217,5.240165631469981,-2.7564805057955795,1.4608695652173909,0.038477168112851956,0.20691609977324266,7.225178658155832,15.053333333333335,1.5196217880527154,4.493695590202399,2.6659890376743203,2.6879999999999997,1.0,1,0.5,2,7.2,21,7.2,6,129,23,26,1,7.2,41,3,-0.3709090909090909,-0.3333333333333333
172,-2.868721461187217,5.240165631469981,-2.7564805057955795,1.4608695652173909,0.038477168112851956,0.20691609977324266,7.225178658155832,15.053333333333335,1.5196217880527154,4.493695590202399,2.6659890376743203,2.6879999999999997,1.0,1,0.5,2,7.3,6,7.3,22,129,23,26,1,7.3,42,3,-0.3709090909090909,-0.3333333333333333
173,-2.868721461187217,5.240165631469981,-2.7564805057955795,1.4608695652173909,0.038477168112851956,0.20691609977324266,7.225178658155832,15.053333333333335,1.5196217880527154,4.493695590202399,2.6659890376743203,2.6879999999999997,1.0,1,0.5,2,7.4,22,7.4,6,129,23,26,1,7.4,42,3,-0.3709090909090909,-0.3333333333333333
174,-2.868721461187217,5.240165631469981,-2.7564805057955795,1.4608695652173909,0.038477168112851956,0.20691609977324266,7.225178658155832,15.053333333333335,1.5196217880527154,4.493695590202399,2.6659890376743203,2.6879999999999997,1.0,1,0.5,2,7.5,22,7.5,6,129,23,26,1,7.5,42,3,-0.3709090909090909,-0.3333333333333333
175,-2.868721461187217,5.240165631469981,-2.7564805057955795,1.4608695652173909,0.038477168112851956,0.20691609977324266,7.225178658155832,15.053333333333335,1.5196217880527154,4.493695590202399,2.6659890376743203,2.6879999999999997,1.0,1,0.5,2,7.6,22,7.6,7,129,23,26,1,7.6,43,3,-0.3709090909090909,-0.3333333333333333
176,-2.868721461187217,5.240165631469981,-2.7564805057955795,1.4608695652173909,0.038477168112851956,0.20691609977324266,7.225178658155832,15.053333333333335,1.5196217880527154,4.493695590202399,2.6659890376743203,2.6879999999999997,1.0,1,0.5,2,8.1,22,8.1,8,129,23,26,1,8.1,44,3,-0.3709090909090909,-0.3333333333333333
177,-2.868721461187217,5.240165631469981,-2.7564805057955795,1.4608695652173909,0.038477168112851956,0.20691609977324266,7.225178658155832,15.053333333333335,1.5196217880527154,4.493695590202399,2.6659890376743203,2.6879999999999997,1.0,1,0.5,2,8.2,8,8.2,22,129,23,26,1,8.2,44,3,-0.3709090909090909,-0.3333333333333333
178,-2.868721461187217,5.240165631469981,-2.7564805057955795,1.4608695652173909,0.038477168112851956,0.20691609977324266,7.225178658155832,15.053333333333335,1.5196217880527154,4.493695590202399,2.6659890376743203,2.6879999999999997,1.0,1,0.5,2,8.3,8,8.3,23,129,23,26,1,8.3,45,3,-0.3709090909090909,-0.3333333333333333
179,-2.868721461187217,5.240165631469981,-2.7564805057955795,1.4608695652173909,0.038477168112851956,0.20691609977324266,7.225178658155832,15.053333333333335,1.5196217880527154,4.493695590202399,2.6659890376743203,2.6879999999999997,1.0,1,0.5,2,8.4,23,8.4,8,129,23,26,1,8.4,45,3,-0.3709090909090909,-0.3333333333333333
180,-2.868721461187217,5.240165631469981,-2.7564805057955795,1.4608695652173909,0.038477168112851956,0.20691609977324266,7.225178658155832,15.053333333333335,1.5196217880527154,4.493695590202399,2.6659890376743203,2.6879999999999997,1.0,1,0.5,2,8.5,23,8.5,9,129,23,26,1,8.5,46,3,-0.3709090909090909,-0.3333333333333333
181,-2.868721461187217,5.240165631469981,-2.7564805057955795,1.4608695652173909,0.038477168112851956,0.20691609977324266,7.225178658155832,15.053333333333335,1.5196217880527154,4.493695590202399,2.6659890376743203,2.6879999999999997,1.0,1,0.5,2,8.6,9,8.6,24,129,23,26,1,8.6,47,3,-0.3709090909090909,-0.3333333333333333
182,-2.868721461187217,5.240165631469981,-2.7564805057955795,1.4608695652173909,0.038477168112851956,0.20691609977324266,7.225178658155832,15.053333333333335,1.5196217880527154,4.493695590202399,2.6659890376743203,2.6879999999999997,1.0,1,0.5,2,9.1,9,9.1,24,129,23,26,1,9.1,48,3,-0.3709090909090909,-0.3333333333333333
183,-2.868721461187217,5.240165631469981,-2.7564805057955795,1.4608695652173909,0.038477168112851956,0.20691609977324266,7.225178658155832,15.053333333333335,1.5196217880527154,4.493695590202399,2.6659890376743203,2.6879999999999997,1.0,1,0.5,2,9.2,24,9.2,9,129,23,26,1,9.2,48,3,-0.3709090909090909,-0.3333333333333333
184,-2.868721461187217,5.240165631469981,-2.7564805057955795,1.4608695652173909,0.038477168112851956,0.20691609977324266,7.225178658155832,15.053333333333335,1.5196217880527154,4.493695590202399,2.6659890376743203,2.6879999999999997,1.0,1,0.5,2,9.3,24,9.3,10,129,23,26,1,9.3,49,3,-0.3709090909090909,-0.3333333333333333
185,-2.868721461187217,5.240165631469981,-2.7564805057955795,1.4608695652173909,0.038477168112851956,0.20691609977324266,7.225178658155832,15.053333333333335,1.5196217880527154,4.493695590202399,2.6659890376743203,2.6879999999999997,1.0,1,0.5,2,9.4,10,9.4,25,129,23,26,1,9.4,50,3,-0.3709090909090909,-0.3333333333333333
186,-2.868721461187217,5.240165631469981,-2.7564805057955795,1.4608695652173909,0.038477168112851956,0.20691609977324266,7.225178658155832,15.053333333333335,1.5196217880527154,4.493695590202399,2.6659890376743203,2.6879999999999997,1.0,1,0.5,2,9.5,25,9.5,10,129,23,26,1,9.5,50,3,-0.3709090909090909,-0.3333333333333333
187,-2.868721461187217,5.240165631469981,-2.7564805057955795,1.4608695652173909,0.038477168112851956,0.20691609977324266,7.225178658155832,15.053333333333335,1.5196217880527154,4.493695590202399,2.6659890376743203,2.6879999999999997,1.0,1,0.5,2,9.6,25,9.6,10,129,23,26,1,9.6,50,3,-0.3709090909090909,-0.3333333333333333
188,-2.868721461187217,5.240165631469981,-2.7564805057955795,1.4608695652173909,0.038477168112851956,0.20691609977324266,7.225178658155832,15.053333333333335,1.5196217880527154,4.493695590202399,2.6659890376743203,2.6879999999999997,1.0,1,0.5,2,10.1,10,10.1,26,129,23,26,1,10.1,51,3,-0.3709090909090909,-0.3333333333333333
189,-2.868721461187217,5.240165631469981,-2.7564805057955795,1.4608695652173909,0.038477168112851956,0.20691609977324266,7.225178658155832,15.053333333333335,1.5196217880527154,4.493695590202399,2.6659890376743203,2.6879999999999997,1.0,1,0.5,2,10.2,26,10.2,12,129,23,26,1,10.2,53,3,-0.3709090909090909,-0.3333333333333333
190,-2.868721461187217,5.240165631469981,-2.7564805057955795,1.4608695652173909,0.038477168112851956,0.20691609977324266,7.225178658155832,15.053333333333335,1.5196217880527154,4.493695590202399,2.6659890376743203,2.6879999999999997,1.0,1,0.5,2,10.3,26,10.3,12,129,23,26,1,10.3,53,3,-0.3709090909090909,-0.3333333333333333
191,-2.868721461187217,5.240165631469981,-2.7564805057955795,1.4608695652173909,0.038477168112851956,0.20691609977324266,7.225178658155832,15.053333333333335,1.5196217880527154,4.493695590202399,2.6659890376743203,2.6879999999999997,1.0,1,0.5,2,10.4,26,10.4,13,129,23,26,1,10.4,54,3,-0.3709090909090909,-0.3333333333333333
192,-2.868721461187217,5.240165631469981,-2.7564805057955795,1.4608695652173909,0.038477168112851956,0.20691609977324266,7.225178658155832,15.053333333333335,1.5196217880527154,4.493695590202399,2.6659890376743203,2.6879999999999997,1.0,1,0.5,2,10.5,13,10.5,26,129,23,26,1,10.5,54,3,-0.3709090909090909,-0.3333333333333333
193,-2.868721461187217,5.240165631469981,-2.7564805057955795,1.4608695652173909,0.038477168112851956,0.20691609977324266,7.225178658155832,15.053333333333335,1.5196217880527154,4.493695590202399,2.6659890376743203,2.6879999999999997,1.0,1,0.5,2,10.6,13,10.6,27,129,23,26,1,10.6,55,3,-0.3709090909090909,-0.3333333333333333
194,-2.868721461187217,5.240165631469981,-2.7564805057955795,1.4608695652173909,0.038477168112851956,0.20691609977324266,7.225178658155832,15.053333333333335,1.5196217880527154,4.493695590202399,2.6659890376743203,2.6879999999999997,1.0,1,0.5,2,11.1,13,11.1,28,129,23,26,1,11.1,56,3,-0.3709090909090909,-0.3333333333333333
195,-2.868721461187217,5.240165631469981,-2.7564805057955795,1.4608695652173909,0.038477168112851956,0.20691609977324266,7.225178658155832,15.053333333333335,1.5196217880527154,4.493695590202399,2.6659890376743203,2.6879999999999997,1.0,1,0.5,2,11.2,28,11.2,13,129,23,26,1,11.2,56,3,-0.3709090909090909,-0.3333333333333333
196,-2.868721461187217,5.240165631469981,-2.7564805057955795,1.4608695652173909,0.038477168112851956,0.20691609977324266,7.225178658155832,15.053333333333335,1.5196217880527154,4.493695590202399,2.6659890376743203,2.6879999999999997,1.0,1,0.5,2,11.3,28,11.3,13,129,23,26,1,11.3,60,3,-0.3709090909090909,-0.3333333333333333
197,-2.868721461187217,5.240165631469981,-2.7564805057955795,1.4608695652173909,0.038477168112851956,0.20691609977324266,7.225178658155832,15.053333333333335,1.5196217880527154,4.493695590202399,2.6659890376743203,2.6879999999999997,1.0,1,0.5,2,11.4,28,11.4,14,129,23,26,1,11.4,61,3,-0.3709090909090909,-0.3333333333333333
198,-2.868721461187217,5.240165631469981,-2.7564805057955795,1.4608695652173909,0.038477168112851956,0.20691609977324266,7.225178658155832,15.053333333333335,1.5196217880527154,4.493695590202399,2.6659890376743203,2.6879999999999997,1.0,1,0.5,2,11.5,14,11.5,29,129,23,26,1,11.5,62,3,-0.3709090909090909,-0.3333333333333333
199,-2.868721461187217,5.240165631469981,-2.7564805057955795,1.4608695652173909,0.038477168112851956,0.20691609977324266,7.225178658155832,15.053333333333335,1.5196217880527154,4.493695590202399,2.6659890376743203,2.6879999999999997,1.0,1,0.5,2,11.6,29,11.6,20,129,23,26,1,11.6,68,3,-0.3709090909090909,-0.3333333333333333
200,-2.868721461187217,5.240165631469981,-2.7564805057955795,1.4608695652173909,0.038477168112851956,0.20691609977324266,7.225178658155832,15.053333333333335,1.5196217880527154,4.493695590202399,2.6659890376743203,2.6879999999999997,1.0,1,0.5,2,12.1,20,12.1,29,129,23,26,1,12.1,68,3,-0.3709090909090909,-0.3333333333333333
201,-2.868721461187217,5.240165631469981,-2.7564805057955795,1.4608695652173909,0.038477168112851956,0.20691609977324266,7.225178658155832,15.053333333333335,1.5196217880527154,4.493695590202399,2.6659890376743203,2.6879999999999997,1.0,1,0.5,2,12.2,20,12.2,31,129,23,26,1,12.2,70,3,-0.3709090909090909,-0.3333333333333333
202,-2.868721461187217,5.240165631469981,-2.7564805057955795,1.4608695652173909,0.038477168112851956,0.20691609977324266,7.225178658155832,15.053333333333335,1.5196217880527154,4.493695590202399,2.6659890376743203,2.6879999999999997,1.0,1,0.5,2,12.3,20,12.3,32,129,23,26,1,12.3,71,3,-0.3709090909090909,-0.3333333333333333
203,-2.868721461187217,5.240165631469981,-2.7564805057955795,1.4608695652173909,0.038477168112851956,0.20691609977324266,7.225178658155832,15.053333333333335,1.5196217880527154,4.493695590202399,2.6659890376743203,2.6879999999999997,1.0,1,0.5,2,12.4,32,12.4,22,129,23,26,1,12.4,73,3,-0.3709090909090909,-0.3333333333333333
204,-2.868721461187217,5.240165631469981,-2.7564805057955795,1.4608695652173909,0.038477168112851956,0.20691609977324266,7.225178658155832,15.053333333333335,1.5196217880527154,4.493695590202399,2.6659890376743203,2.6879999999999997,1.0,1,0.5,2,12.5,32,12.5,23,129,23,26,1,12.5,74,3,-0.3709090909090909,-0.3333333333333333
205,-2.868721461187217,5.240165631469981,-2.7564805057955795,1.4608695652173909,0.038477168112851956,0.20691609977324266,7.225178658155832,15.053333333333335,1.5196217880527154,4.493695590202399,2.6659890376743203,2.6879999999999997,1.0,1,0.5,2,12.6,23,12.6,36,129,23,26,1,12.6,78,3,-0.3709090909090909,-0.3333333333333333
206,-2.868721461187217,5.240165631469981,-2.7564805057955795,1.4608695652173909,0.038477168112851956,0.20691609977324266,7.225178658155832,15.053333333333335,1.5196217880527154,4.493695590202399,2.6659890376743203,2.6879999999999997,1.0,1,0.5,2,13.1,36,13.1,23,129,23,26,1,13.1,78,3,-0.3709090909090909,-0.3333333333333333
207,-2.868721461187217,5.240165631469981,-2.7564805057955795,1.4608695652173909,0.038477168112851956,0.20691609977324266,7.225178658155832,15.053333333333335,1.5196217880527154,4.493695590202399,2.6659890376743203,2.6879999999999997,1.0,1,0.5,2,13.2,36,13.2,27,129,23,26,1,13.2,82,3,-0.3709090909090909,-0.3333333333333333
208,-2.868721461187217,5.240165631469981,-2.7564805057955795,1.4608695652173909,0.038477168112851956,0.20691609977324266,7.225178658155832,15.053333333333335,1.5196217880527154,4.493695590202399,2.6659890376743203,2.6879999999999997,1.0,1,0.5,2,13.3,36,13.3,27,129,23,26,1,13.3,82,3,-0.3709090909090909,-0.3333333333333333
209,-2.868721461187217,5.240165631469981,-2.7564805057955795,1.4608695652173909,0.038477168112851956,0.20691609977324266,7.225178658155832,15.053333333333335,1.5196217880527154,4.493695590202399,2.6659890376743203,2.6879999999999997,1.0,1,0.5,2,13.4,36,13.4,31,129,23,26,1,13.4,86,3,-0.3709090909090909,-0.3333333333333333
210,-2.868721461187217,5.240165631469981,-2.7564805057955795,1.4608695652173909,0.038477168112851956,0.20691609977324266,7.225178658155832,15.053333333333335,1.5196217880527154,4.493695590202399,2.6659890376743203,2.6879999999999997,1.0,1,0.5,2,13.5,36,13.5,35,129,23,26,1,13.5,90,3,-0.3709090909090909,-0.3333333333333333
211,-2.868721461187217,5.240165631469981,-2.7564805057955795,1.4608695652173909,0.038477168112851956,0.20691609977324266,7.225178658155832,15.053333333333335,1.5196217880527154,4.493695590202399,2.6659890376743203,2.6879999999999997,1.0,1,0.5,2,13.6,36,13.6,37,129,23,26,1,13.6,92,3,-0.3709090909090909,-0.3333333333333333
212,-2.868721461187217,5.240165631469981,-2.7564805057955795,1.4608695652173909,0.038477168112851956,0.20691609977324266,7.225178658155832,15.053333333333335,1.5196217880527154,4.493695590202399,2.6659890376743203,2.6879999999999997,1.0,1,0.5,2,14.1,37,14.1,36,129,23,26,1,14.1,93,3,-0.3709090909090909,-0.3333333333333333
213,-2.868721461187217,5.240165631469981,-2.7564805057955795,1.4608695652173909,0.038477168112851956,0.20691609977324266,7.225178658155832,15.053333333333335,1.5196217880527154,4.493695590202399,2.6659890376743203,2.6879999999999997,1.0,1,0.5,2,14.2,37,14.2,36,129,23,26,1,14.2,93,3,-0.3709090909090909,-0.3333333333333333
214,-2.868721461187217,5.240165631469981,-2.7564805057955795,1.4608695652173909,0.038477168112851956,0.20691609977324266,7.225178658155832,15.053333333333335,1.5196217880527154,4.493695590202399,2.6659890376743203,2.6879999999999997,1.0,1,0.5,2,14.3,37,14.3,37,129,23,26,1,14.3,94,3,-0.3709090909090909,-0.3333333333333333
215,-2.868721461187217,5.240165631469981,-2.7564805057955795,1.4608695652173909,0.038477168112851956,0.20691609977324266,7.225178658155832,15.053333333333335,1.5196217880527154,4.493695590202399,2.6659890376743203,2.6879999999999997,1.0,1,0.5,2,14.4,37,14.4,38,129,23,26,1,14.4,95,3,-0.3709090909090909,-0.3333333333333333
216,-2.868721461187217,5.240165631469981,-2.7564805057955795,1.4608695652173909,0.038477168112851956,0.20691609977324266,7.225178658155832,15.053333333333335,1.5196217880527154,4.493695590202399,2.6659890376743203,2.6879999999999997,1.0,1,0.5,2,14.5,38,14.5,39,129,23,26,1,14.5,97,3,-0.3709090909090909,-0.3333333333333333
217,-2.868721461187217,5.240165631469981,-2.7564805057955795,1.4608695652173909,0.038477168112851956,0.20691609977324266,7.225178658155832,15.053333333333335,1.5196217880527154,4.493695590202399,2.6659890376743203,2.6879999999999997,1.0,1,0.5,2,14.6,38,14.6,39,129,23,26,1,14.6,97,3,-0.3709090909090909,-0.3333333333333333
218,-2.868721461187217,5.240165631469981,-2.7564805057955795,1.4608695652173909,0.038477168112851956,0.20691609977324266,7.225178658155832,15.053333333333335,1.5196217880527154,4.493695590202399,2.6659890376743203,2.6879999999999997,1.0,1,0.5,2,14.7,38,14.7,40,129,23,26,1,14.7,98,3,-0.3709090909090909,-0.3333333333333333
219,-2.868721461187217,5.240165631469981,-2.7564805057955795,1.4608695652173909,0.038477168112851956,0.20691609977324266,7.225178658155832,15.053333333333335,1.5196217880527154,4.493695590202399,2.6659890376743203,2.6879999999999997,1.0,1,0.5,2,15.1,38,15.1,41,129,23,26,1,15.1,99,3,-0.3709090909090909,-0.3333333333333333
220,-2.868721461187217,5.240165631469981,-2.7564805057955795,1.4608695652173909,0.038477168112851956,0.20691609977324266,7.225178658155832,15.053333333333335,1.5196217880527154,4.493695590202399,2.6659890376743203,2.6879999999999997,1.0,1,0.5,2,15.2,41,15.2,42,129,23,26,1,15.2,103,3,-0.3709090909090909,-0.3333333333333333
221,-2.868721461187217,5.240165631469981,-2.7564805057955795,1.4608695652173909,0.038477168112851956,0.20691609977324266,7.225178658155832,15.053333333333335,1.5196217880527154,4.493695590202399,2.6659890376743203,2.6879999999999997,1.0,1,0.5,2,15.3,41,15.3,42,129,23,26,1,15.3,103,3,-0.3709090909090909,-0.3333333333333333
222,-2.868721461187217,5.240165631469981,-2.7564805057955795,1.4608695652173909,0.038477168112851956,0.20691609977324266,7.225178658155832,15.053333333333335,1.5196217880527154,4.493695590202399,2.6659890376743203,2.6879999999999997,1.0,1,0.5,2,15.4,41,15.4,46,129,23,26,1,15.4,107,3,-0.3709090909090909,-0.3333333333333333
223,-2.868721461187217,5.240165631469981,-2.7564805057955795,1.4608695652173909,0.038477168112851956,0.20691609977324266,7.225178658155832,15.053333333333335,1.5196217880527154,4.493695590202399,2.6659890376743203,2.6879999999999997,1.0,1,0.5,2,15.5,41,15.5,46,129,23,26,1,15.5,107,3,-0.3709090909090909,-0.3333333333333333
224,-2.868721461187217,5.240165631469981,-2.7564805057955795,1.4608695652173909,0.038477168112851956,0.20691609977324266,7.225178658155832,15.053333333333335,1.5196217880527154,4.493695590202399,2.6659890376743203,2.6879999999999997,1.0,1,0.5,2,15.6,41,15.6,48,129,23,26,1,15.6,109,3,-0.3709090909090909,-0.3333333333333333
225,-2.868721461187217,5.240165631469981,-2.7564805057955795,1.4608695652173909,0.038477168112851956,0.20691609977324266,7.225178658155832,15.053333333333335,1.5196217880527154,4.493695590202399,2.6659890376743203,2.6879999999999997,1.0,1,0.5,2,16.1,48,16.1,41,129,23,26,1,16.1,109,3,-0.3709090909090909,-0.3333333333333333
226,-2.868721461187217,5.240165631469981,-2.7564805057955795,1.4608695652173909,0.038477168112851956,0.20691609977324266,7.225178658155832,15.053333333333335,1.5196217880527154,4.493695590202399,2.6659890376743203,2.6879999999999997,1.0,1,0.5,2,16.2,48,16.2,41,129,23,26,1,16.2,109,3,-0.3709090909090909,-0.3333333333333333
227,-2.868721461187217,5.240165631469981,-2.7564805057955795,1.4608695652173909,0.038477168112851956,0.20691609977324266,7.225178658155832,15.053333333333335,1.5196217880527154,4.493695590202399,2.6659890376743203,2.6879999999999997,1.0,1,0.5,2,16.3,48,16.3,42,129,23,26,1,16.3,110,3,-0.3709090909090909,-0.3333333333333333
228,-2.868721461187217,5.240165631469981,-2.7564805057955795,1.4608695652173909,0.038477168112851956,0.20691609977324266,7.225178658155832,15.053333333333335,1.5196217880527154,4.493695590202399,2.6659890376743203,2.6879999999999997,1.0,1,0.5,2,16.4,42,16.4,48,129,23,26,1,16.4,110,3,-0.3709090909090909,-0.3333333333333333
229,-2.868721461187217,5.240165631469981,-2.7564805057955795,1.4608695652173909,0.038477168112851956,0.20691609977324266,7.225178658155832,15.053333333333335,1.5196217880527154,4.493695590202399,2.6659890376743203,2.6879999999999997,1.0,1,0.5,2,16.5,42,16.5,50,129,23,26,1,16.5,112,3,-0.3709090909090909,-0.3333333333333333
230,-2.868721461187217,5.240165631469981,-2.7564805057955795,1.4608695652173909,0.038477168112851956,0.20691609977324266,7.225178658155832,15.053333333333335,1.5196217880527154,4.493695590202399,2.6659890376743203,2.6879999999999997,1.0,1,0.5,2,16.6,42,16.6,51,129,23,26,1,16.6,113,3,-0.3709090909090909,-0.3333333333333333
231,-2.868721461187217,5.240165631469981,-2.7564805057955795,1.4608695652173909,0.038477168112851956,0.20691609977324266,7.225178658155832,15.053333333333335,1.5196217880527154,4.493695590202399,2.6659890376743203,2.6879999999999997,1.0,1,0.5,2,17.1,42,17.1,52,129,23,26,1,17.1,114,3,-0.3709090909090909,-0.3333333333333333
232,-2.868721461187217,5.240165631469981,-2.7564805057955795,1.4608695652173909,0.038477168112851956,0.20691609977324266,7.225178658155832,15.053333333333335,1.5196217880527154,4.493695590202399,2.6659890376743203,2.6879999999999997,1.0,1,0.5,2,17.2,52,17.2,43,129,23,26,1,17.2,115,3,-0.3709090909090909,-0.3333333333333333
233,-2.868721461187217,5.240165631469981,-2.7564805057955795,1.4608695652173909,0.038477168112851956,0.20691609977324266,7.225178658155832,15.053333333333335,1.5196217880527154,4.493695590202399,2.6659890376743203,2.6879999999999997,1.0,1,0.5,2,17.3,43,17.3,52,129,23,26,1,17.3,115,3,-0.3709090909090909,-0.3333333333333333
234,-2.868721461187217,5.240165631469981,-2.7564805057955795,1.4608695652173909,0.038477168112851956,0.20691609977324266,7.225178658155832,15.053333333333335,1.5196217880527154,4.493695590202399,2.6659890376743203,2.6879999999999997,1.0,1,0.5,2,17.4,43,17.4,52,129,23,26,1,17.4,115,3,-0.3709090909090909,-0.3333333333333333
235,-2.868721461187217,5.240165631469981,-2.7564805057955795,1.4608695652173909,0.038477168112851956,0.20691609977324266,7.225178658155832,15.053333333333335,1.5196217880527154,4.493695590202399,2.6659890376743203,2.6879999999999997,1.0,1,0.5,2,17.5,43,17.5,53,129,23,26,1,17.5,116,3,-0.3709090909090909,-0.3333333333333333
236,-2.868721461187217,5.240165631469981,-2.7564805057955795,1.4608695652173909,0.038477168112851956,0.20691609977324266,7.225178658155832,15.053333333333335,1.5196217880527154,4.493695590202399,2.6659890376743203,2.6879999999999997,1.0,1,0.5,2,17.6,53,17.6,43,129,23,26,1,17.6,116,3,-0.3709090909090909,-0.3333333333333333
237,-2.868721461187217,5.240165631469981,-2.7564805057955795,1.4608695652173909,0.038477168112851956,0.20691609977324266,7.225178658155832,15.053333333333335,1.5196217880527154,4.493695590202399,2.6659890376743203,2.6879999999999997,1.0,1,0.5,2,18.1,43,18.1,57,129,23,26,1,18.1,120,3,-0.3709090909090909,-0.3333333333333333
238,-2.868721461187217,5.240165631469981,-2.7564805057955795,1.4608695652173909,0.038477168112851956,0.20691609977324266,7.225178658155832,15.053333333333335,1.5196217880527154,4.493695590202399,2.6659890376743203,2.6879999999999997,1.0,1,0.5,2,18.2,43,18.2,61,129,23,26,1,18.2,124,3,-0.3709090909090909,-0.3333333333333333
239,-2.868721461187217,5.240165631469981,-2.7564805057955795,1.4608695652173909,0.038477168112851956,0.20691609977324266,7.225178658155832,15.053333333333335,1.5196217880527154,4.493695590202399,2.6659890376743203,2.6879999999999997,1.0,1,0.5,2,18.3,43,18.3,67,129,23,26,1,18.3,130,3,-0.3709090909090909,-0.3333333333333333
